Workbook
Name F_esp_GN1270: '[1]EVOLUÇÃO FATURAMENTO'!$K$20
Name F_esp_GN1400: '[1]EVOLUÇÃO FATURAMENTO'!$K$13
Name F_esp_GN1410: '[1]EVOLUÇÃO FATURAMENTO'!$K$51
Name F_esp_GN1420: '[1]EVOLUÇÃO FATURAMENTO'!$K$30
Name F_esp_GN1421: '[1]EVOLUÇÃO FATURAMENTO'!$K$40
Name K_trab_GN1270: FATURAMENTO_COMPILADO!$N$7
Name K_trab_GN1400: FATURAMENTO_COMPILADO!$N$6
Name K_trab_GN1410: FATURAMENTO_COMPILADO!$N$10
Name K_trab_GN1420: FATURAMENTO_COMPILADO!$N$8
Name K_trab_GN1421: FATURAMENTO_COMPILADO!$N$9
Name L_uteis_GN1270: FATURAMENTO_COMPILADO!$M$7
Name L_uteis_GN1400: FATURAMENTO_COMPILADO!$M$6
Name L_uteis_GN1410: FATURAMENTO_COMPILADO!$M$10
Name L_uteis_GN1420: FATURAMENTO_COMPILADO!$M$8
Name L_uteis_GN1421: FATURAMENTO_COMPILADO!$M$9
Name M_rest_GN1270: FATURAMENTO_COMPILADO!$O$7
Name M_rest_GN1400: FATURAMENTO_COMPILADO!$O$6
Name M_rest_GN1410: FATURAMENTO_COMPILADO!$O$10
Name M_rest_GN1420: FATURAMENTO_COMPILADO!$O$8
Name M_rest_GN1421: FATURAMENTO_COMPILADO!$O$9
Name SegmentaçãodeDados_Competência: #N/A
Name SegmentaçãodeDados_CR: #N/A

Sheet FATURAMENTO_COMPILADO
A2: COMPETÊNCIA 07/2026 · Atualizado em 26/06/2026
F4: COLUNA MANUAL | L4: Agosto-26 | M4: COLUNAS PREENCHIDAS MANUAIS
A5: GN | B5: RESPONSÁVEL | C5: CONTRATO | D5: FAT. TOTAL (R$) | E5: PROJEÇÃO (R$) | F5: META (R$) | G5: % REAL. | H5: VALOR REST. (R$) | I5: MÉDIA DIÁRIA (R$) | J5: % RITMO | K5: META AJUST. DIÁRIA (R$) | L5: FAT. ESPERADO (R$) | M5: Dias Úteis | N5: Dias Trabalhados | O5: Dias Restantes | S5: GN_p | U5: Indicador | V5: Valor | W5: Esperado(linha)
A6: GN1270 | B6: CESAR LEITÃO | C6: LACAN | D6: =SUMIFS('REND-Boletim de Produção'!AI$6:AI$3282,'REND-Boletim de Produção'!AG$6:AG$3282,FATURAMENTO_COMPILADO!$L$4,'REND-Boletim de Produção'!D$6:D$3282,A6) -> 368747.36 | E6: =(D6/N6)*M6 -> 838062.18 | F6: 560405.75 | G6: =IFERROR(D6/F6,"") -> 0.65800067 | H6: =F6-D6 -> 191658.39 | I6: =D6/K_trab_GN1270 -> 29405.69 | J6: =IFERROR(E6/F6,"") -> 1.4954561 | K6: =F6/M_rest_GN1400 -> 40028.982 | L6: =(F6/M6)*N6 -> 246578.53 | M6: 25 | N6: 11 | O6: =M6-N6 -> 14 | S6: GN1400 | U6: Faturamento Total | V6: =D12 -> 3489463.8 | W6: =$V$9 -> 393462.72
A7: GN1400 | B7: CESAR LEITÃO | C7: ARAUCO - SILVICULTURA | D7: =SUMIFS('REND-Boletim de Produção'!AI$6:AI$3282,'REND-Boletim de Produção'!AG$6:AG$3282,FATURAMENTO_COMPILADO!$L$4,'REND-Boletim de Produção'!D$6:D$3282,A7) -> 1604375.7 | E7: =(D7/N7)*M7 -> 3267604 | F7: 3191156.5 | G7: =IFERROR(D7/F7,"") -> 0.50275681 | H7: =F7-D7 -> 1586780.9 | I7: =D7/K_trab_GN1400 -> 145852.33 | J7: =IFERROR(E7/F7,"") -> 1.023956 | K7: =F7/M_rest_GN1400 -> 227939.75 | L7: =(F7/M7)*N7 -> 1566840.4 | M7: 25.54 | N7: 12.54 | O7: =M7-N7 -> 13 | S7: GN1270 | U7: Projeção | V7: =E12 -> 7192843.9 | W7: =$V$9 -> 393462.72
A8: GN1420 | B8: CESAR LEITÃO | C8: INNOVATECH - SILVICULTURA | D8: =SUMIFS('REND-Boletim de Produção'!AI$6:AI$3282,'REND-Boletim de Produção'!AG$6:AG$3282,FATURAMENTO_COMPILADO!$L$4,'REND-Boletim de Produção'!D$6:D$3282,FATURAMENTO_COMPILADO!A8) -> 0 | E8: =(D8/N8)*M8 -> 0 | F8: 0 | G8: =IFERROR(D8/F8,"") | H8: =F8-D8 -> 0 | I8: =D8/K_trab_GN1420 -> 0 | J8: =IFERROR(E8/F8,"") | K8: =F8/M_rest_GN1400 -> 0 | L8: =(F8/M8)*N8 -> 0 | M8: 23 | N8: 12 | O8: =M8-N8 -> 11 | S8: GN1420 | U8: Meta | V8: =F12 -> 9919195.1 | W8: =$V$9 -> 393462.72
A9: GN1421 | B9: DEIVIT BORGES | C9: INNOVATECH - SILVICULTURA (COLPAR) | D9: =SUMIFS('REND-Boletim de Produção'!AI$6:AI$29631,'REND-Boletim de Produção'!AG$6:AG$29631,FATURAMENTO_COMPILADO!$L$4,'REND-Boletim de Produção'!D$6:D$29631,FATURAMENTO_COMPILADO!A9) -> 576186.01 | E9: =(D9/N9)*M9 -> 1204050.1 | F9: 2247913.8 | G9: =IFERROR(D9/F9,"") -> 0.25632033 | H9: =F9-D9 -> 1671727.8 | I9: =D9/K_trab_GN1421 -> 48297.234 | J9: =IFERROR(E9/F9,"") -> 0.53563 | K9: =F9/M_rest_GN1400 -> 160565.27 | L9: =(F9/M9)*N9 -> 1075716.5 | M9: 24.93 | N9: 11.93 | O9: =M9-N9 -> 13 | S9: GN1421 | U9: Fat Esperado | V9: =F12/AVERAGE(M6:M11) -> 393462.72
A10: GN1410 | B10: SÉLIO AGUIAR | C10: BRACELL MS - SILVICULTURA | D10: =SUMIFS('REND-Boletim de Produção'!AI$6:AI$3282,'REND-Boletim de Produção'!AG$6:AG$3282,FATURAMENTO_COMPILADO!$L$4,'REND-Boletim de Produção'!D$6:D$3282,FATURAMENTO_COMPILADO!A10)-10956.35 -> 752926.62 | E10: =(D10/N10)*M10 -> 1523032.5 | F10: 2889742 | G10: =IFERROR(D10/F10,"") -> 0.2605515 | H10: =F10-D10 -> 2136815.4 | I10: =D10/K_trab_GN1410 -> 59238.916 | J10: =IFERROR(E10/F10,"") -> 0.52704792 | K10: =F10/M_rest_GN1400 -> 206410.15 | L10: =(F10/M10)*N10 -> 1428573.4 | M10: 25.71 | N10: 12.71 | O10: =M10-N10 -> 13 | S10: GN1410
A11: GN1430 | B11: SÉLIO AGUIAR | C11: Eucatex - Silvicultura | D11: =164864.15+22364.036 -> 187228.19 | E11: =(D11/N11)*M11 -> 360095.12 | F11: 1029977 | G11: =IFERROR(D11/F11,"") -> 0.18177899 | H11: =F11-D11 -> 842748.84 | I11: =D11/K_trab_GN1410 -> 14730.778 | J11: =IFERROR(E11/F11,"") -> 0.34961471 | K11: =F11/M_rest_GN1400 -> 73569.788 | L11: =(F11/M11)*N11 -> 535527.2 | M11: 27.08 | N11: 14.08 | O11: =M11-N11 -> 13
A12: TOTAL GERAL | D12: =SUM(D6:D11) -> 3489463.8 | E12: =SUM(E6:E11) -> 7192843.9 | F12: =SUM(F6:F11) -> 9919195.1 | G12: =D12/F12 -> 0.35178901 | H12: =F12-D12 -> 6429731.3

Sheet REND-Boletim de Produção
A1: =AI4 -> 71422.811 | C1: Boletim de Produção CDO | AD1: Emitido Por: Cilas Andrei da Silva Serrado
T4: =SUBTOTAL(9,T6:T3282) -> 212.45 | Z4: =SUBTOTAL(9,Z6:Z3282) -> 5654.16 | AI4: =SUBTOTAL(9,AI6:AI3282) -> 71422.811 | AP4: =SUBTOTAL(9,AP6:AP3282) -> -29751.423 | AS4: =AI4 -> 71422.811
A5: CDO | B5: Data | C5: Competencia | D5: CR | E5: Contrato | F5: Funcao | G5: Escala de Horas | H5: Mat. Supervisor | I5: Supervisor | J5: Mat. Encarregado | K5: Encarregado | L5: Turma | M5: Cod. Operacao | N5: Operacao | O5: Und. Medida | P5: Cod. Projeto | Q5: Projeto | R5: Talhao | S5: Hora Trabalhada | T5: Producao | U5: Hora Improdutiva | V5: Total Horas | W5: Rendimento Previsto | X5: Rendimento Efetivo | Y5: Rendimento Total | Z5: Preço do Recurso | AA5: Status | AB5: Tipo Recurso | AC5: Criado por | AD5: Alterado por | AE5: Data Registro | AF5: Observacao | AG5: Competência | AH5: Preço | AI5: Valor Total | AJ5: Agrupamentos de Atividades | AK5: OPERAÇÃO + CR + COD | AL5: Duplicidade | AM5: Produção Prevista ((hora trab+horas improdutivas)/ rend previsto) | AN5: fatu previsto (prod prevista x preço do recurso) | AO5: Faturamento Realizado | AP5: Resultado Negociado
A6: 46435 | B6: 46194 | C6: 1°- 07/2026 | D6: GN1400 | E6: Arauco - Silvicultura | F6: Trabalhador Florestal | G6: 8 | H6: 10859 | I6: RENATO DE SOUZA PEREIRA | J6: 10093 | K6: JONATHAN FONSECA DE OLIVEIRA | L6: JONATHAN FONSECA DE OLIVEIRA | M6: REF12 | N6: PLANTIO MANUAL 1.110 plantas/HA, mudas com tratamento (MAP e Cupinicida), mudas SEM TUBETE + Replantio | O6: HA | P6: 400 | Q6: Rosa Maria | R6: 364 | S6: 24 | T6: 29.17 | U6: 0 | V6: 24 | W6: 12.32 | X6: 0.82 | Y6: 0.82 | Z6: 1237.4 | AA6: CONCLUIDO | AB6: Principal | AC6: Jonathan Fonseca de Oliveira | AD6: Lucas Barbosa Ramos | AE6: 46194.843 | AF6: máquinas 282 trabalhou 8 horas | AG6: =IF(B6=0,"",PROPER(TEXT(IF(DAY(B6)>20,EDATE(B6,1),B6),"MMMM-aa"))) -> Julho-26 | AH6: =_xlfn.XLOOKUP(AK6,'Base de Preços'!P$7:P$3001,'Base de Preços'!J$7:J$3001,"",0) -> 1627.29 | AI6: =IF(AB6="Principal",AH6*T6,0) -> 47468.049 | AJ6: =_xlfn.XLOOKUP(N6,Agrupamentos!C$3:C$496,Agrupamentos!D$3:D$496,"",0) -> PLANTIO | AK6: =N6&D6&M6 -> PLANTIO MANUAL 1.110 plantas/HA, mudas com tratamento (MAP e Cupinicida), mudas SEM TUBETE + ReplantioGN1400REF12 | AL6: =CONCATENATE(A6,D6,F6,K6,N6,Q6,R6,AB6,T6,AG6,U6,V6,AE6,B6) -> 46435GN1400Trabalhador FlorestalJONATHAN FONSECA DE OLIVEIRAPLANTIO MANUAL 1.110 plantas/HA, mudas com tratamento (MAP e Cupinicida), mudas SEM TUBETE + ReplantioRosa Maria364Principal29,17Julho-2602446194,843148148146194 | AM6: =IFERROR(V6/W6,"") -> 1.9480519 | AN6: =IFERROR(AM6*Z6,"") -> 2410.5195 | AO6: =Z6*T6 -> 36094.958 | AP6: =IFERROR(AO6-AN6,"") -> 33684.439
A7: 46435 | B7: 46194 | C7: 1°- 07/2026 | D7: GN1400 | E7: Arauco - Silvicultura | F7: Trabalhador Florestal | G7: 8 | H7: 10859 | I7: RENATO DE SOUZA PEREIRA | J7: 10093 | K7: JONATHAN FONSECA DE OLIVEIRA | L7: JONATHAN FONSECA DE OLIVEIRA | M7: REF12 | N7: PLANTIO MANUAL 1.110 plantas/HA, mudas com tratamento (MAP e Cupinicida), mudas SEM TUBETE + Replantio | O7: HA | P7: 400 | Q7: Rosa Maria | R7: 363 | S7: 8 | T7: 16 | U7: 0 | V7: 8 | W7: 12.32 | X7: 0.5 | Y7: 0.5 | Z7: 1237.4 | AA7: EM ANDAMENTO | AB7: Principal | AC7: Jonathan Fonseca de Oliveira | AD7: Lucas Barbosa Ramos | AE7: 46195.68 | AF7: máquinas 282 trabalhou 8 horas | AG7: =IF(B7=0,"",PROPER(TEXT(IF(DAY(B7)>20,EDATE(B7,1),B7),"MMMM-aa"))) -> Julho-26 | AH7: =_xlfn.XLOOKUP(AK7,'Base de Preços'!P$7:P$3001,'Base de Preços'!J$7:J$3001,"",0) -> 1627.29 | AI7: =IF(AB7="Principal",AH7*T7,0) -> 26036.64 | AJ7: =_xlfn.XLOOKUP(N7,Agrupamentos!C$3:C$496,Agrupamentos!D$3:D$496,"",0) -> PLANTIO | AK7: =N7&D7&M7 -> PLANTIO MANUAL 1.110 plantas/HA, mudas com tratamento (MAP e Cupinicida), mudas SEM TUBETE + ReplantioGN1400REF12 | AL7: =CONCATENATE(A7,D7,F7,K7,N7,Q7,R7,AB7,T7,AG7,U7,V7,AE7,B7) -> 46435GN1400Trabalhador FlorestalJONATHAN FONSECA DE OLIVEIRAPLANTIO MANUAL 1.110 plantas/HA, mudas com tratamento (MAP e Cupinicida), mudas SEM TUBETE + ReplantioRosa Maria363Principal16Julho-260846195,67983796346194 | AM7: =IFERROR(V7/W7,"") -> 0.64935065 | AN7: =IFERROR(AM7*Z7,"") -> 803.50649 | AO7: =Z7*T7 -> 19798.4 | AP7: =IFERROR(AO7-AN7,"") -> 18994.894
A8: 46435 | B8: 46194 | C8: 1°- 07/2026 | D8: GN1400 | E8: Arauco - Silvicultura | F8: Operador de Trator de Pneu | G8: 8 | H8: 10859 | I8: RENATO DE SOUZA PEREIRA | J8: 10093 | K8: JONATHAN FONSECA DE OLIVEIRA | L8: JONATHAN FONSECA DE OLIVEIRA | M8: REF11 | N8: SUBSOLAGEM COM ADUBAÇÃO 350 a 400kg/ha, 40 a 50cm de profundidade, com bacia 3 a 4 litros, 2 turnos | O8: HA | P8: 400 | Q8: Rosa Maria | R8: 378 | S8: 2 | T8: 6.93 | U8: 0 | V8: 2 | W8: 1.59 | X8: 0.29 | Y8: 0.29 | Z8: 1104.72 | AA8: CONCLUIDO | AB8: Principal | AC8: Jonathan Fonseca de Oliveira | AE8: 46194.843 | AF8: máquinas 282 trabalhou 8 horas | AG8: =IF(B8=0,"",PROPER(TEXT(IF(DAY(B8)>20,EDATE(B8,1),B8),"MMMM-aa"))) -> Julho-26 | AH8: =_xlfn.XLOOKUP(AK8,'Base de Preços'!P$7:P$3001,'Base de Preços'!J$7:J$3001,"",0) -> 1263.67 | AI8: =IF(AB8="Principal",AH8*T8,0) -> 8757.2331 | AJ8: =_xlfn.XLOOKUP(N8,Agrupamentos!C$3:C$496,Agrupamentos!D$3:D$496,"",0) -> SUBSOSALGEM | AK8: =N8&D8&M8 -> SUBSOLAGEM COM ADUBAÇÃO 350 a 400kg/ha, 40 a 50cm de profundidade, com bacia 3 a 4 litros, 2 turnosGN1400REF11 | AL8: =CONCATENATE(A8,D8,F8,K8,N8,Q8,R8,AB8,T8,AG8,U8,V8,AE8,B8) -> 46435GN1400Operador de Trator de PneuJONATHAN FONSECA DE OLIVEIRASUBSOLAGEM COM ADUBAÇÃO 350 a 400kg/ha, 40 a 50cm de profundidade, com bacia 3 a 4 litros, 2 turnosRosa Maria378Principal6,93Julho-260246194,843148148146194 | AM8: =IFERROR(V8/W8,"") -> 1.2578616 | AN8: =IFERROR(AM8*Z8,"") -> 1389.5849 | AO8: =Z8*T8 -> 7655.7096 | AP8: =IFERROR(AO8-AN8,"") -> 6266.1247
A9: 46435 | B9: 46194 | C9: 1°- 07/2026 | D9: GN1400 | E9: Arauco - Silvicultura | F9: Operador de Trator de Pneu | G9: 8 | H9: 10859 | I9: RENATO DE SOUZA PEREIRA | J9: 10093 | K9: JONATHAN FONSECA DE OLIVEIRA | L9: JONATHAN FONSECA DE OLIVEIRA | M9: REF12 | N9: PLANTIO MANUAL 1.110 plantas/HA, mudas com tratamento (MAP e Cupinicida), mudas SEM TUBETE + Replantio | O9: HA | P9: 400 | Q9: Rosa Maria | R9: 364 | S9: 6 | T9: 14.17 | U9: 0 | V9: 6 | W9: 1.23 | X9: 0.42 | Y9: 0.42 | Z9: 389.89 | AA9: CONCLUIDO | AB9: Suporte | AC9: Jonathan Fonseca de Oliveira | AE9: 46194.843 | AF9: máquinas 282 trabalhou 8 horas | AG9: =IF(B9=0,"",PROPER(TEXT(IF(DAY(B9)>20,EDATE(B9,1),B9),"MMMM-aa"))) -> Julho-26 | AH9: =_xlfn.XLOOKUP(AK9,'Base de Preços'!P$7:P$3001,'Base de Preços'!J$7:J$3001,"",0) -> 1627.29 | AI9: =IF(AB9="Principal",AH9*T9,0) -> 0 | AJ9: =_xlfn.XLOOKUP(N9,Agrupamentos!C$3:C$496,Agrupamentos!D$3:D$496,"",0) -> PLANTIO | AK9: =N9&D9&M9 -> PLANTIO MANUAL 1.110 plantas/HA, mudas com tratamento (MAP e Cupinicida), mudas SEM TUBETE + ReplantioGN1400REF12 | AL9: =CONCATENATE(A9,D9,F9,K9,N9,Q9,R9,AB9,T9,AG9,U9,V9,AE9,B9) -> 46435GN1400Operador de Trator de PneuJONATHAN FONSECA DE OLIVEIRAPLANTIO MANUAL 1.110 plantas/HA, mudas com tratamento (MAP e Cupinicida), mudas SEM TUBETE + ReplantioRosa Maria364Suporte14,17Julho-260646194,843148148146194 | AM9: =IFERROR(V9/W9,"") -> 4.8780488 | AN9: =IFERROR(AM9*Z9,"") -> 1901.9024 | AO9: =Z9*T9 -> 5524.7413 | AP9: =IFERROR(AO9-AN9,"") -> 3622.8389
A10: 46438 | B10: 46194 | C10: 1°- 07/2026 | D10: GN1400 | E10: Arauco - Silvicultura | F10: Motorista de Caminhão Pipa | G10: 8 | H10: 10859 | I10: RENATO DE SOUZA PEREIRA | J10: 10315 | K10: ANTONIO MARCIO PEREIRA DA SILVA | L10: ANTONIO MARCIO PEREIRA DA SILVA | M10: 43 | N10: APOIO E MANUTEÇÃO | O10: HA | P10: 410 | Q10: Canto do Pinhe | R10: 509 | S10: 0 | T10: 0 | U10: 8 | V10: 8 | W10: 0 | X10: 0 | Y10: 0 | Z10: 0 | AA10: EM ANDAMENTO | AB10: Suporte | AC10: Antonio Marcio Pereira da Silva | AD10: Leandra de Miranda Souza Costa | AE10: 46194.899 | AG10: =IF(B10=0,"",PROPER(TEXT(IF(DAY(B10)>20,EDATE(B10,1),B10),"MMMM-aa"))) -> Julho-26 | AH10: =_xlfn.XLOOKUP(AK10,'Base de Preços'!P$7:P$3001,'Base de Preços'!J$7:J$3001,"",0) -> 0 | AI10: =IF(AB10="Principal",AH10*T10,0) -> 0 | AJ10: =_xlfn.XLOOKUP(N10,Agrupamentos!C$3:C$496,Agrupamentos!D$3:D$496,"",0) -> APOIO E MANUTENÇÃO | AK10: =N10&D10&M10 -> APOIO E MANUTEÇÃOGN140043 | AL10: =CONCATENATE(A10,D10,F10,K10,N10,Q10,R10,AB10,T10,AG10,U10,V10,AE10,B10) -> 46438GN1400Motorista de Caminhão PipaANTONIO MARCIO PEREIRA DA SILVAAPOIO E MANUTEÇÃOCanto do Pinhe509Suporte0Julho-268846194,898564814846194 | AM10: =IFERROR(V10/W10,"") | AN10: =IFERROR(AM10*Z10,"") | AO10: =Z10*T10 -> 0 | AP10: =IFERROR(AO10-AN10,"")
A11: 46438 | B11: 46194 | C11: 1°- 07/2026 | D11: GN1400 | E11: Arauco - Silvicultura | F11: Operador de Trator de Pneu | G11: 8 | H11: 10859 | I11: RENATO DE SOUZA PEREIRA | J11: 10315 | K11: ANTONIO MARCIO PEREIRA DA SILVA | L11: ANTONIO MARCIO PEREIRA DA SILVA | M11: 43 | N11: APOIO E MANUTEÇÃO | O11: HA | P11: 410 | Q11: Canto do Pinhe | R11: 509 | S11: 0 | T11: 0 | U11: 8 | V11: 8 | W11: 0 | X11: 0 | Y11: 0 | Z11: 0 | AA11: EM ANDAMENTO | AB11: Suporte | AC11: Antonio Marcio Pereira da Silva | AD11: Leandra de Miranda Souza Costa | AE11: 46194.899 | AG11: =IF(B11=0,"",PROPER(TEXT(IF(DAY(B11)>20,EDATE(B11,1),B11),"MMMM-aa"))) -> Julho-26 | AH11: =_xlfn.XLOOKUP(AK11,'Base de Preços'!P$7:P$3001,'Base de Preços'!J$7:J$3001,"",0) -> 0 | AI11: =IF(AB11="Principal",AH11*T11,0) -> 0 | AJ11: =_xlfn.XLOOKUP(N11,Agrupamentos!C$3:C$496,Agrupamentos!D$3:D$496,"",0) -> APOIO E MANUTENÇÃO | AK11: =N11&D11&M11 -> APOIO E MANUTEÇÃOGN140043 | AL11: =CONCATENATE(A11,D11,F11,K11,N11,Q11,R11,AB11,T11,AG11,U11,V11,AE11,B11) -> 46438GN1400Operador de Trator de PneuANTONIO MARCIO PEREIRA DA SILVAAPOIO E MANUTEÇÃOCanto do Pinhe509Suporte0Julho-268846194,898564814846194 | AM11: =IFERROR(V11/W11,"") | AN11: =IFERROR(AM11*Z11,"") | AO11: =Z11*T11 -> 0 | AP11: =IFERROR(AO11-AN11,"")
A12: 46489 | B12: 46194 | C12: 1°- 07/2026 | D12: GN1410 | E12: MS Florestal - Silvicultura | F12: Trabalhador Florestal | G12: 8 | H12: 11331 | I12: JOSE VITOR MORAES SANTOS | J12: 11752 | K12: MATEUS SANCHES PERES BIENIEK | L12: MATEUS SANCHES PERES BIENIEK | M12: 1 | N12: APOIO E MANUTEÇÃO 1410 | O12: HA | P12: 484 | Q12: SÃO PEDRO III | R12: T001-01 | S12: 0 | T12: 0 | U12: 8 | V12: 8 | W12: 0 | X12: 0 | Y12: 0 | Z12: 0 | AA12: EM ANDAMENTO | AB12: Suporte | AC12: Mateus Sanches Peres Bieniek | AE12: 46195.787 | AG12: =IF(B12=0,"",PROPER(TEXT(IF(DAY(B12)>20,EDATE(B12,1),B12),"MMMM-aa"))) -> Julho-26 | AH12: =_xlfn.XLOOKUP(AK12,'Base de Preços'!P$7:P$3001,'Base de Preços'!J$7:J$3001,"",0) -> 0 | AI12: =IF(AB12="Principal",AH12*T12,0) -> 0 | AJ12: =_xlfn.XLOOKUP(N12,Agrupamentos!C$3:C$496,Agrupamentos!D$3:D$496,"",0) -> APOIO E MANUTENÇÃO | AK12: =N12&D12&M12 -> APOIO E MANUTEÇÃO 1410GN14101 | AL12: =CONCATENATE(A12,D12,F12,K12,N12,Q12,R12,AB12,T12,AG12,U12,V12,AE12,B12) -> 46489GN1410Trabalhador FlorestalMATEUS SANCHES PERES BIENIEKAPOIO E MANUTEÇÃO 1410SÃO PEDRO IIIT001-01Suporte0Julho-268846195,786909722246194 | AM12: =IFERROR(V12/W12,"") | AN12: =IFERROR(AM12*Z12,"") | AO12: =Z12*T12 -> 0 | AP12: =IFERROR(AO12-AN12,"")
A13: 46489 | B13: 46194 | C13: 1°- 07/2026 | D13: GN1410 | E13: MS Florestal - Silvicultura | F13: Operador de Trator de Pneu | G13: 8 | H13: 11331 | I13: JOSE VITOR MORAES SANTOS | J13: 11752 | K13: MATEUS SANCHES PERES BIENIEK | L13: MATEUS SANCHES PERES BIENIEK | M13: 1 | N13: APOIO E MANUTEÇÃO 1410 | O13: HA | P13: 484 | Q13: SÃO PEDRO III | R13: T001-01 | S13: 0 | T13: 0 | U13: 16 | V13: 16 | W13: 0 | X13: 0 | Y13: 0 | Z13: 0 | AA13: EM ANDAMENTO | AB13: Suporte | AC13: Mateus Sanches Peres Bieniek | AE13: 46195.787 | AG13: =IF(B13=0,"",PROPER(TEXT(IF(DAY(B13)>20,EDATE(B13,1),B13),"MMMM-aa"))) -> Julho-26 | AH13: =_xlfn.XLOOKUP(AK13,'Base de Preços'!P$7:P$3001,'Base de Preços'!J$7:J$3001,"",0) -> 0 | AI13: =IF(AB13="Principal",AH13*T13,0) -> 0 | AJ13: =_xlfn.XLOOKUP(N13,Agrupamentos!C$3:C$496,Agrupamentos!D$3:D$496,"",0) -> APOIO E MANUTENÇÃO | AK13: =N13&D13&M13 -> APOIO E MANUTEÇÃO 1410GN14101 | AL13: =CONCATENATE(A13,D13,F13,K13,N13,Q13,R13,AB13,T13,AG13,U13,V13,AE13,B13) -> 46489GN1410Operador de Trator de PneuMATEUS SANCHES PERES BIENIEKAPOIO E MANUTEÇÃO 1410SÃO PEDRO IIIT001-01Suporte0Julho-26161646195,786909722246194 | AM13: =IFERROR(V13/W13,"") | AN13: =IFERROR(AM13*Z13,"") | AO13: =Z13*T13 -> 0 | AP13: =IFERROR(AO13-AN13,"")
A14: 46489 | B14: 46194 | C14: 1°- 07/2026 | D14: GN1410 | E14: MS Florestal - Silvicultura | F14: Operador de Trator de Pneu | G14: 8 | H14: 11331 | I14: JOSE VITOR MORAES SANTOS | J14: 11752 | K14: MATEUS SANCHES PERES BIENIEK | L14: MATEUS SANCHES PERES BIENIEK | M14: 1 | N14: APOIO E MANUTEÇÃO 1410 | O14: HA | P14: 503 | Q14: MÃE SANTA GLEBA A | R14: 007-01 | S14: 0 | T14: 0 | U14: 24 | V14: 24 | W14: 0 | X14: 0 | Y14: 0 | Z14: 0 | AA14: EM ANDAMENTO | AB14: Suporte | AC14: Mateus Sanches Peres Bieniek | AD14: Vanessa Maria da Silva | AE14: 46195.787 | AG14: =IF(B14=0,"",PROPER(TEXT(IF(DAY(B14)>20,EDATE(B14,1),B14),"MMMM-aa"))) -> Julho-26 | AH14: =_xlfn.XLOOKUP(AK14,'Base de Preços'!P$7:P$3001,'Base de Preços'!J$7:J$3001,"",0) -> 0 | AI14: =IF(AB14="Principal",AH14*T14,0) -> 0 | AJ14: =_xlfn.XLOOKUP(N14,Agrupamentos!C$3:C$496,Agrupamentos!D$3:D$496,"",0) -> APOIO E MANUTENÇÃO | AK14: =N14&D14&M14 -> APOIO E MANUTEÇÃO 1410GN14101 | AL14: =CONCATENATE(A14,D14,F14,K14,N14,Q14,R14,AB14,T14,AG14,U14,V14,AE14,B14) -> 46489GN1410Operador de Trator de PneuMATEUS SANCHES PERES BIENIEKAPOIO E MANUTEÇÃO 1410MÃE SANTA GLEBA A007-01Suporte0Julho-26242446195,786909722246194 | AM14: =IFERROR(V14/W14,"") | AN14: =IFERROR(AM14*Z14,"") | AO14: =Z14*T14 -> 0 | AP14: =IFERROR(AO14-AN14,"")
A15: 46489 | B15: 46194 | C15: 1°- 07/2026 | D15: GN1410 | E15: MS Florestal - Silvicultura | F15: Trabalhador Florestal | G15: 8 | H15: 11331 | I15: JOSE VITOR MORAES SANTOS | J15: 11752 | K15: MATEUS SANCHES PERES BIENIEK | L15: MATEUS SANCHES PERES BIENIEK | M15: 1 | N15: APOIO E MANUTEÇÃO 1410 | O15: HA | P15: 503 | Q15: MÃE SANTA GLEBA A | R15: 007-01 | S15: 0 | T15: 0 | U15: 8 | V15: 8 | W15: 0 | X15: 0 | Y15: 0 | Z15: 0 | AA15: EM ANDAMENTO | AB15: Suporte | AC15: Mateus Sanches Peres Bieniek | AE15: 46195.787 | AG15: =IF(B15=0,"",PROPER(TEXT(IF(DAY(B15)>20,EDATE(B15,1),B15),"MMMM-aa"))) -> Julho-26 | AH15: =_xlfn.XLOOKUP(AK15,'Base de Preços'!P$7:P$3001,'Base de Preços'!J$7:J$3001,"",0) -> 0 | AI15: =IF(AB15="Principal",AH15*T15,0) -> 0 | AJ15: =_xlfn.XLOOKUP(N15,Agrupamentos!C$3:C$496,Agrupamentos!D$3:D$496,"",0) -> APOIO E MANUTENÇÃO | AK15: =N15&D15&M15 -> APOIO E MANUTEÇÃO 1410GN14101 | AL15: =CONCATENATE(A15,D15,F15,K15,N15,Q15,R15,AB15,T15,AG15,U15,V15,AE15,B15) -> 46489GN1410Trabalhador FlorestalMATEUS SANCHES PERES BIENIEKAPOIO E MANUTEÇÃO 1410MÃE SANTA GLEBA A007-01Suporte0Julho-268846195,786909722246194 | AM15: =IFERROR(V15/W15,"") | AN15: =IFERROR(AM15*Z15,"") | AO15: =Z15*T15 -> 0 | AP15: =IFERROR(AO15-AN15,"")
A16: 46491 | B16: 46194 | C16: 1°- 07/2026 | D16: GN1410 | E16: MS Florestal - Silvicultura | F16: Operador de Trator de Pneu | G16: 8 | H16: 11065 | I16: LUCAS SANTOS MORAIS | J16: 11078 | K16: NATAN SANTOS MORAIS | L16: NATAN SANTOS MORAIS | M16: REF223 | N16: SERV HORA TRATOR PNEU 100CV AGRIC | O16: H | P16: 503 | Q16: MÃE SANTA GLEBA A | R16: 001-01 | S16: 24 | T16: 24 | U16: 0 | V16: 24 | W16: 0 | X16: 1 | Y16: 1 | Z16: 290.54 | AA16: EM ANDAMENTO | AB16: Principal | AC16: Natan Santos Morais | AE16: 46195.802 | AG16: =IF(B16=0,"",PROPER(TEXT(IF(DAY(B16)>20,EDATE(B16,1),B16),"MMMM-aa"))) -> Julho-26 | AH16: =_xlfn.XLOOKUP(AK16,'Base de Preços'!P$7:P$3001,'Base de Preços'!J$7:J$3001,"",0) -> 290.54 | AI16: =IF(AB16="Principal",AH16*T16,0) -> 6972.96 | AJ16: =_xlfn.XLOOKUP(N16,Agrupamentos!C$3:C$496,Agrupamentos!D$3:D$496,"",0) -> HORA TRATOR | AK16: =N16&D16&M16 -> SERV HORA TRATOR PNEU 100CV AGRICGN1410REF223 | AL16: =CONCATENATE(A16,D16,F16,K16,N16,Q16,R16,AB16,T16,AG16,U16,V16,AE16,B16) -> 46491GN1410Operador de Trator de PneuNATAN SANTOS MORAISSERV HORA TRATOR PNEU 100CV AGRICMÃE SANTA GLEBA A001-01Principal24Julho-2602446195,802418981546194 | AM16: =IFERROR(V16/W16,"") | AN16: =IFERROR(AM16*Z16,"") | AO16: =Z16*T16 -> 6972.96 | AP16: =IFERROR(AO16-AN16,"")
A17: 46491 | B17: 46194 | C17: 1°- 07/2026 | D17: GN1410 | E17: MS Florestal - Silvicultura | F17: Motorista | G17: 8 | H17: 11065 | I17: LUCAS SANTOS MORAIS | J17: 11078 | K17: NATAN SANTOS MORAIS | L17: NATAN SANTOS MORAIS | M17: 1 | N17: APOIO E MANUTEÇÃO 1410 | O17: HA | P17: 503 | Q17: MÃE SANTA GLEBA A | R17: 001-01 | S17: 16 | T17: 0 | U17: 8 | V17: 24 | W17: 0 | X17: 0 | Y17: 0 | Z17: 0 | AA17: EM ANDAMENTO | AB17: Principal | AC17: Natan Santos Morais | AD17: Vanessa Maria da Silva | AE17: 46195.802 | AG17: =IF(B17=0,"",PROPER(TEXT(IF(DAY(B17)>20,EDATE(B17,1),B17),"MMMM-aa"))) -> Julho-26 | AH17: =_xlfn.XLOOKUP(AK17,'Base de Preços'!P$7:P$3001,'Base de Preços'!J$7:J$3001,"",0) -> 0 | AI17: =IF(AB17="Principal",AH17*T17,0) -> 0 | AJ17: =_xlfn.XLOOKUP(N17,Agrupamentos!C$3:C$496,Agrupamentos!D$3:D$496,"",0) -> APOIO E MANUTENÇÃO | AK17: =N17&D17&M17 -> APOIO E MANUTEÇÃO 1410GN14101 | AL17: =CONCATENATE(A17,D17,F17,K17,N17,Q17,R17,AB17,T17,AG17,U17,V17,AE17,B17) -> 46491GN1410MotoristaNATAN SANTOS MORAISAPOIO E MANUTEÇÃO 1410MÃE SANTA GLEBA A001-01Principal0Julho-2682446195,802418981546194 | AM17: =IFERROR(V17/W17,"") | AN17: =IFERROR(AM17*Z17,"") | AO17: =Z17*T17 -> 0 | AP17: =IFERROR(AO17-AN17,"")
A18: 48044 | B18: 46194 | C18: 1°- 07/2026 | D18: GN1410 | E18: MS Florestal - Silvicultura | F18: Operador de Trator de Pneu | G18: 8 | H18: 11065 | I18: LUCAS SANTOS MORAIS | J18: 11390 | K18: DIEMISSON DE ALMEIDA SANTOS | L18: DIEMISSON DE ALMEIDA SANTOS | M18: 1 | N18: APOIO E MANUTEÇÃO 1410 | O18: HA | P18: 952 | Q18: MONTE BELO GLEBA B - | R18: 016-01 | S18: 0 | T18: 0 | U18: 8 | V18: 8 | W18: 0 | X18: 0 | Y18: 0 | Z18: 0 | AA18: EM ANDAMENTO | AB18: Suporte | AC18: Mateus Sanches Peres Bieniek | AD18: Mateus Sanches Peres Bieniek | AE18: 46225.585 | AG18: =IF(B18=0,"",PROPER(TEXT(IF(DAY(B18)>20,EDATE(B18,1),B18),"MMMM-aa"))) -> Julho-26 | AH18: =_xlfn.XLOOKUP(AK18,'Base de Preços'!P$7:P$3001,'Base de Preços'!J$7:J$3001,"",0) -> 0 | AI18: =IF(AB18="Principal",AH18*T18,0) -> 0 | AJ18: =_xlfn.XLOOKUP(N18,Agrupamentos!C$3:C$496,Agrupamentos!D$3:D$496,"",0) -> APOIO E MANUTENÇÃO | AK18: =N18&D18&M18 -> APOIO E MANUTEÇÃO 1410GN14101 | AL18: =CONCATENATE(A18,D18,F18,K18,N18,Q18,R18,AB18,T18,AG18,U18,V18,AE18,B18) -> 48044GN1410Operador de Trator de PneuDIEMISSON DE ALMEIDA SANTOSAPOIO E MANUTEÇÃO 1410MONTE BELO GLEBA B -016-01Suporte0Julho-268846225,585023148146194 | AM18: =IFERROR(V18/W18,"") | AN18: =IFERROR(AM18*Z18,"") | AO18: =Z18*T18 -> 0 | AP18: =IFERROR(AO18-AN18,"")
A19: 46481 | B19: 46195 | C19: 1°- 07/2026 | D19: GN1270 | E19: Lacan Florestal | F19: Motorista | G19: 8 | H19: 11697 | I19: ADRIANO BARROS DA COSTA | J19: 11067 | K19: FABIO MATOS DE SOUZA | L19: FABIO MATOS DE SOUZA | M19: 2 | N19: APOIO E MANUTEÇÃO | O19: HA | P19: 371 | Q19: Nova Esperança | R19: 1 | S19: 8 | T19: 0 | U19: 0 | V19: 8 | W19: 0 | X19: 0 | Y19: 0 | Z19: 0 | AA19: CONCLUIDO | AB19: Suporte | AC19: Fabio Matos de Souza | AD19: Leandra de Miranda Souza Costa | AE19: 46195.723 | AG19: =IF(B19=0,"",PROPER(TEXT(IF(DAY(B19)>20,EDATE(B19,1),B19),"MMMM-aa"))) -> Julho-26 | AH19: =_xlfn.XLOOKUP(AK19,'Base de Preços'!P$7:P$3001,'Base de Preços'!J$7:J$3001,"",0) -> 0 | AI19: =IF(AB19="Principal",AH19*T19,0) -> 0 | AJ19: =_xlfn.XLOOKUP(N19,Agrupamentos!C$3:C$496,Agrupamentos!D$3:D$496,"",0) -> APOIO E MANUTENÇÃO | AK19: =N19&D19&M19 -> APOIO E MANUTEÇÃOGN12702 | AL19: =CONCATENATE(A19,D19,F19,K19,N19,Q19,R19,AB19,T19,AG19,U19,V19,AE19,B19) -> 46481GN1270MotoristaFABIO MATOS DE SOUZAAPOIO E MANUTEÇÃONova Esperança1Suporte0Julho-260846195,723194444446195 | AM19: =IFERROR(V19/W19,"") | AN19: =IFERROR(AM19*Z19,"") | AO19: =Z19*T19 -> 0 | AP19: =IFERROR(AO19-AN19,"")
A20: 46481 | B20: 46195 | C20: 1°- 07/2026 | D20: GN1270 | E20: Lacan Florestal | F20: Trabalhador Florestal | G20: 8 | H20: 11697 | I20: ADRIANO BARROS DA COSTA | J20: 11067 | K20: FABIO MATOS DE SOUZA | L20: FABIO MATOS DE SOUZA | M20: 70 | N20: COMBATE A FORMIGA MANUAL MANUTENÇÃO - ANO 01 | O20: HA | P20: 371 | Q20: Nova Esperança | R20: 7 | S20: 104 | T20: 86.94 | U20: 0 | V20: 104 | W20: 1.42 | X20: 1.2 | Y20: 1.2 | Z20: 149.09 | AA20: CONCLUIDO | AB20: Principal | AC20: Fabio Matos de Souza | AD20: Leandra de Miranda Souza Costa | AE20: 46195.723 | AG20: =IF(B20=0,"",PROPER(TEXT(IF(DAY(B20)>20,EDATE(B20,1),B20),"MMMM-aa"))) -> Julho-26 | AH20: =_xlfn.XLOOKUP(AK20,'Base de Preços'!P$7:P$3001,'Base de Preços'!J$7:J$3001,"",0) -> 152.18 | AI20: =IF(AB20="Principal",AH20*T20,0) -> 13230.529 | AJ20: =_xlfn.XLOOKUP(N20,Agrupamentos!C$3:C$496,Agrupamentos!D$3:D$496,"",0) -> COMBATE A FORMIGA MANUAL | AK20: =N20&D20&M20 -> COMBATE A FORMIGA MANUAL MANUTENÇÃO - ANO 01GN127070 | AL20: =CONCATENATE(A20,D20,F20,K20,N20,Q20,R20,AB20,T20,AG20,U20,V20,AE20,B20) -> 46481GN1270Trabalhador FlorestalFABIO MATOS DE SOUZACOMBATE A FORMIGA MANUAL MANUTENÇÃO - ANO 01Nova Esperança7Principal86,94Julho-26010446195,723194444446195 | AM20: =IFERROR(V20/W20,"") -> 73.239437 | AN20: =IFERROR(AM20*Z20,"") -> 10919.268 | AO20: =Z20*T20 -> 12961.885 | AP20: =IFERROR(AO20-AN20,"") -> 2042.617
A21: 46481 | B21: 46195 | C21: 1°- 07/2026 | D21: GN1270 | E21: Lacan Florestal | F21: Operador de Máquina Pesada | G21: 8 | H21: 11697 | I21: ADRIANO BARROS DA COSTA | J21: 11067 | K21: FABIO MATOS DE SOUZA | L21: FABIO MATOS DE SOUZA | M21: 2 | N21: APOIO E MANUTEÇÃO | O21: HA | P21: 371 | Q21: Nova Esperança | R21: 1 | S21: 0 | T21: 0 | U21: 8 | V21: 8 | W21: 0 | X21: 0 | Y21: 0 | Z21: 0 | AA21: EM ANDAMENTO | AB21: Suporte | AC21: Fabio Matos de Souza | AD21: Leandra de Miranda Souza Costa | AE21: 46196.366 | AG21: =IF(B21=0,"",PROPER(TEXT(IF(DAY(B21)>20,EDATE(B21,1),B21),"MMMM-aa"))) -> Julho-26 | AH21: =_xlfn.XLOOKUP(AK21,'Base de Preços'!P$7:P$3001,'Base de Preços'!J$7:J$3001,"",0) -> 0 | AI21: =IF(AB21="Principal",AH21*T21,0) -> 0 | AJ21: =_xlfn.XLOOKUP(N21,Agrupamentos!C$3:C$496,Agrupamentos!D$3:D$496,"",0) -> APOIO E MANUTENÇÃO | AK21: =N21&D21&M21 -> APOIO E MANUTEÇÃOGN12702 | AL21: =CONCATENATE(A21,D21,F21,K21,N21,Q21,R21,AB21,T21,AG21,U21,V21,AE21,B21) -> 46481GN1270Operador de Máquina PesadaFABIO MATOS DE SOUZAAPOIO E MANUTEÇÃONova Esperança1Suporte0Julho-268846196,366388888946195 | AM21: =IFERROR(V21/W21,"") | AN21: =IFERROR(AM21*Z21,"") | AO21: =Z21*T21 -> 0 | AP21: =IFERROR(AO21-AN21,"")
A22: 46481 | B22: 46195 | C22: 1°- 07/2026 | D22: GN1270 | E22: Lacan Florestal | F22: Trabalhador Florestal | G22: 8 | H22: 11697 | I22: ADRIANO BARROS DA COSTA | J22: 11067 | K22: FABIO MATOS DE SOUZA | L22: FABIO MATOS DE SOUZA | M22: 70 | N22: COMBATE A FORMIGA MANUAL MANUTENÇÃO - ANO 01 | O22: HA | P22: 371 | Q22: Nova Esperança | R22: 1 | S22: 112 | T22: 76.34 | U22: 0 | V22: 112 | W22: 1.42 | X22: 1.47 | Y22: 1.47 | Z22: 149.09 | AA22: CONCLUIDO | AB22: Principal | AC22: Fabio Matos de Souza | AD22: Leandra de Miranda Souza Costa | AE22: 46195.723 | AG22: =IF(B22=0,"",PROPER(TEXT(IF(DAY(B22)>20,EDATE(B22,1),B22),"MMMM-aa"))) -> Julho-26 | AH22: =_xlfn.XLOOKUP(AK22,'Base de Preços'!P$7:P$3001,'Base de Preços'!J$7:J$3001,"",0) -> 152.18 | AI22: =IF(AB22="Principal",AH22*T22,0) -> 11617.421 | AJ22: =_xlfn.XLOOKUP(N22,Agrupamentos!C$3:C$496,Agrupamentos!D$3:D$496,"",0) -> COMBATE A FORMIGA MANUAL | AK22: =N22&D22&M22 -> COMBATE A FORMIGA MANUAL MANUTENÇÃO - ANO 01GN127070 | AL22: =CONCATENATE(A22,D22,F22,K22,N22,Q22,R22,AB22,T22,AG22,U22,V22,AE22,B22) -> 46481GN1270Trabalhador FlorestalFABIO MATOS DE SOUZACOMBATE A FORMIGA MANUAL MANUTENÇÃO - ANO 01Nova Esperança1Principal76,34Julho-26011246195,723194444446195 | AM22: =IFERROR(V22/W22,"") -> 78.873239 | AN22: =IFERROR(AM22*Z22,"") -> 11759.211 | AO22: =Z22*T22 -> 11381.531 | AP22: =IFERROR(AO22-AN22,"") -> -377.68067
A23: 46533 | B23: 46195 | C23: 1°- 07/2026 | D23: GN1270 | E23: Lacan Florestal | F23: Motorista | G23: 8 | H23: 9241 | I23: SILMAR BARBOSA DOS SANTOS | J23: 11447 | K23: ANDREY NICOLLAS UCHOA DE OLIVEIRA | L23: Apoio e Manutenção GN1270 | M23: 2 | N23: APOIO E MANUTEÇÃO | O23: HA | P23: 390 | Q23: Pátio MS | R23: T01 | S23: 0 | T23: 0 | U23: 8 | V23: 8 | W23: 0 | X23: 0 | Y23: 0 | Z23: 0 | AA23: CONCLUIDO | AB23: Suporte | AC23: Andrey Nicollas Uchôa de Oliveira | AD23: Leandra de Miranda Souza Costa | AE23: 46196.375 | AG23: =IF(B23=0,"",PROPER(TEXT(IF(DAY(B23)>20,EDATE(B23,1),B23),"MMMM-aa"))) -> Julho-26 | AH23: =_xlfn.XLOOKUP(AK23,'Base de Preços'!P$7:P$3001,'Base de Preços'!J$7:J$3001,"",0) -> 0 | AI23: =IF(AB23="Principal",AH23*T23,0) -> 0 | AJ23: =_xlfn.XLOOKUP(N23,Agrupamentos!C$3:C$496,Agrupamentos!D$3:D$496,"",0) -> APOIO E MANUTENÇÃO | AK23: =N23&D23&M23 -> APOIO E MANUTEÇÃOGN12702 | AL23: =CONCATENATE(A23,D23,F23,K23,N23,Q23,R23,AB23,T23,AG23,U23,V23,AE23,B23) -> 46533GN1270MotoristaANDREY NICOLLAS UCHOA DE OLIVEIRAAPOIO E MANUTEÇÃOPátio MST01Suporte0Julho-268846196,375370370446195 | AM23: =IFERROR(V23/W23,"") | AN23: =IFERROR(AM23*Z23,"") | AO23: =Z23*T23 -> 0 | AP23: =IFERROR(AO23-AN23,"")
A24: 46495 | B24: 46195 | C24: 1°- 07/2026 | D24: GN1400 | E24: Arauco - Silvicultura | F24: Trabalhador Florestal | G24: 8 | H24: 10859 | I24: RENATO DE SOUZA PEREIRA | J24: 9900 | K24: CARLOS ALVES DOS SANTOS | L24: CARLOS ALVES DOS SANTOS | M24: 43 | N24: APOIO E MANUTEÇÃO | O24: HA | P24: 496 | Q24: Santa Beatriz | R24: 22 | S24: 0 | T24: 0 | U24: 0 | V24: 0 | W24: 0 | X24: 0 | Y24: 0 | Z24: 0 | AA24: CONCLUIDO | AB24: Suporte | AC24: Carlos Alves dos Santos | AD24: Cilas Andrei da Silva Serrado | AE24: 46195.853 | AF24: ATIVIDADE JA RECEBIDA NA COMP 06 | AG24: =IF(B24=0,"",PROPER(TEXT(IF(DAY(B24)>20,EDATE(B24,1),B24),"MMMM-aa"))) -> Julho-26 | AH24: =_xlfn.XLOOKUP(AK24,'Base de Preços'!P$7:P$3001,'Base de Preços'!J$7:J$3001,"",0) -> 0 | AI24: =IF(AB24="Principal",AH24*T24,0) -> 0 | AJ24: =_xlfn.XLOOKUP(N24,Agrupamentos!C$3:C$496,Agrupamentos!D$3:D$496,"",0) -> APOIO E MANUTENÇÃO | AK24: =N24&D24&M24 -> APOIO E MANUTEÇÃOGN140043 | AL24: =CONCATENATE(A24,D24,F24,K24,N24,Q24,R24,AB24,T24,AG24,U24,V24,AE24,B24) -> 46495GN1400Trabalhador FlorestalCARLOS ALVES DOS SANTOSAPOIO E MANUTEÇÃOSanta Beatriz22Suporte0Julho-260046195,853391203746195 | AM24: =IFERROR(V24/W24,"") | AN24: =IFERROR(AM24*Z24,"") | AO24: =Z24*T24 -> 0 | AP24: =IFERROR(AO24-AN24,"")
A25: 46495 | B25: 46195 | C25: 1°- 07/2026 | D25: GN1400 | E25: Arauco - Silvicultura | F25: Operador de Trator de Pneu | G25: 8 | H25: 10859 | I25: RENATO DE SOUZA PEREIRA | J25: 9900 | K25: CARLOS ALVES DOS SANTOS | L25: CARLOS ALVES DOS SANTOS | M25: 43 | N25: APOIO E MANUTEÇÃO | O25: HA | P25: 496 | Q25: Santa Beatriz | R25: 26 | S25: 0 | T25: 0 | U25: 0 | V25: 0 | W25: 0 | X25: 0 | Y25: 0 | Z25: 0 | AA25: CONCLUIDO | AB25: Suporte | AC25: Carlos Alves dos Santos | AD25: Cilas Andrei da Silva Serrado | AE25: 46195.853 | AF25: ATIVIDADE JA RECEBIDA NA COMP 06 | AG25: =IF(B25=0,"",PROPER(TEXT(IF(DAY(B25)>20,EDATE(B25,1),B25),"MMMM-aa"))) -> Julho-26 | AH25: =_xlfn.XLOOKUP(AK25,'Base de Preços'!P$7:P$3001,'Base de Preços'!J$7:J$3001,"",0) -> 0 | AI25: =IF(AB25="Principal",AH25*T25,0) -> 0 | AJ25: =_xlfn.XLOOKUP(N25,Agrupamentos!C$3:C$496,Agrupamentos!D$3:D$496,"",0) -> APOIO E MANUTENÇÃO | AK25: =N25&D25&M25 -> APOIO E MANUTEÇÃOGN140043 | AL25: =CONCATENATE(A25,D25,F25,K25,N25,Q25,R25,AB25,T25,AG25,U25,V25,AE25,B25) -> 46495GN1400Operador de Trator de PneuCARLOS ALVES DOS SANTOSAPOIO E MANUTEÇÃOSanta Beatriz26Suporte0Julho-260046195,853391203746195 | AM25: =IFERROR(V25/W25,"") | AN25: =IFERROR(AM25*Z25,"") | AO25: =Z25*T25 -> 0 | AP25: =IFERROR(AO25-AN25,"")
A26: 46495 | B26: 46195 | C26: 1°- 07/2026 | D26: GN1400 | E26: Arauco - Silvicultura | F26: Operador de Trator de Pneu | G26: 8 | H26: 10859 | I26: RENATO DE SOUZA PEREIRA | J26: 9900 | K26: CARLOS ALVES DOS SANTOS | L26: CARLOS ALVES DOS SANTOS | M26: 43 | N26: APOIO E MANUTEÇÃO | O26: HA | P26: 496 | Q26: Santa Beatriz | R26: 24 | S26: 0 | T26: 5.94 | U26: 0 | V26: 0 | W26: 0 | X26: 0 | Y26: 0 | Z26: 0 | AA26: CONCLUIDO | AB26: Suporte | AC26: Carlos Alves dos Santos | AD26: Cilas Andrei da Silva Serrado | AE26: 46195.853 | AF26: ATIVIDADE JA RECEBIDA NA COMP 06 | AG26: =IF(B26=0,"",PROPER(TEXT(IF(DAY(B26)>20,EDATE(B26,1),B26),"MMMM-aa"))) -> Julho-26 | AH26: =_xlfn.XLOOKUP(AK26,'Base de Preços'!P$7:P$3001,'Base de Preços'!J$7:J$3001,"",0) -> 0 | AI26: =IF(AB26="Principal",AH26*T26,0) -> 0 | AJ26: =_xlfn.XLOOKUP(N26,Agrupamentos!C$3:C$496,Agrupamentos!D$3:D$496,"",0) -> APOIO E MANUTENÇÃO | AK26: =N26&D26&M26 -> APOIO E MANUTEÇÃOGN140043 | AL26: =CONCATENATE(A26,D26,F26,K26,N26,Q26,R26,AB26,T26,AG26,U26,V26,AE26,B26) -> 46495GN1400Operador de Trator de PneuCARLOS ALVES DOS SANTOSAPOIO E MANUTEÇÃOSanta Beatriz24Suporte5,94Julho-260046195,853391203746195 | AM26: =IFERROR(V26/W26,"") | AN26: =IFERROR(AM26*Z26,"") | AO26: =Z26*T26 -> 0 | AP26: =IFERROR(AO26-AN26,"")
A27: 46495 | B27: 46195 | C27: 1°- 07/2026 | D27: GN1400 | E27: Arauco - Silvicultura | F27: Operador de Trator de Pneu | G27: 8 | H27: 10859 | I27: RENATO DE SOUZA PEREIRA | J27: 9900 | K27: CARLOS ALVES DOS SANTOS | L27: CARLOS ALVES DOS SANTOS | M27: 43 | N27: APOIO E MANUTEÇÃO | O27: HA | P27: 496 | Q27: Santa Beatriz | R27: 22 | S27: 0 | T27: 26.16 | U27: 0 | V27: 0 | W27: 0 | X27: 0 | Y27: 0 | Z27: 0 | AA27: CONCLUIDO | AB27: Suporte | AC27: Carlos Alves dos Santos | AD27: Cilas Andrei da Silva Serrado | AE27: 46195.853 | AF27: ATIVIDADE JA RECEBIDA NA COMP 06 | AG27: =IF(B27=0,"",PROPER(TEXT(IF(DAY(B27)>20,EDATE(B27,1),B27),"MMMM-aa"))) -> Julho-26 | AH27: =_xlfn.XLOOKUP(AK27,'Base de Preços'!P$7:P$3001,'Base de Preços'!J$7:J$3001,"",0) -> 0 | AI27: =IF(AB27="Principal",AH27*T27,0) -> 0 | AJ27: =_xlfn.XLOOKUP(N27,Agrupamentos!C$3:C$496,Agrupamentos!D$3:D$496,"",0) -> APOIO E MANUTENÇÃO | AK27: =N27&D27&M27 -> APOIO E MANUTEÇÃOGN140043 | AL27: =CONCATENATE(A27,D27,F27,K27,N27,Q27,R27,AB27,T27,AG27,U27,V27,AE27,B27) -> 46495GN1400Operador de Trator de PneuCARLOS ALVES DOS SANTOSAPOIO E MANUTEÇÃOSanta Beatriz22Suporte26,16Julho-260046195,853391203746195 | AM27: =IFERROR(V27/W27,"") | AN27: =IFERROR(AM27*Z27,"") | AO27: =Z27*T27 -> 0 | AP27: =IFERROR(AO27-AN27,"")
A28: 46505 | B28: 46195 | C28: 1°- 07/2026 | D28: GN1400 | E28: Arauco - Silvicultura | F28: Trabalhador Florestal | G28: 8 | H28: 10859 | I28: RENATO DE SOUZA PEREIRA | J28: 10315 | K28: ANTONIO MARCIO PEREIRA DA SILVA | L28: ANTONIO MARCIO PEREIRA DA SILVA | M28: REF32 - 01 | N28: 1ª IRRIGAÇÃO DE REPLANTIO | O28: HA | P28: 410 | Q28: Canto do Pinhe | R28: 509 | S28: 40 | T28: 20.5 | U28: 0 | V28: 40 | W28: 2.69 | X28: 1.95 | Y28: 1.95 | Z28: 272.89 | AA28: CONCLUIDO | AB28: Principal | AC28: Antonio Marcio Pereira da Silva | AE28: 46195.966 | AG28: =IF(B28=0,"",PROPER(TEXT(IF(DAY(B28)>20,EDATE(B28,1),B28),"MMMM-aa"))) -> Julho-26 | AH28: =_xlfn.XLOOKUP(AK28,'Base de Preços'!P$7:P$3001,'Base de Preços'!J$7:J$3001,"",0) -> 551.6 | AI28: =IF(AB28="Principal",AH28*T28,0) -> 11307.8 | AJ28: =_xlfn.XLOOKUP(N28,Agrupamentos!C$3:C$496,Agrupamentos!D$3:D$496,"",0) -> IRRIGAÇÃO DE REPLANTIO | AK28: =N28&D28&M28 -> 1ª IRRIGAÇÃO DE REPLANTIOGN1400REF32 - 01 | AL28: =CONCATENATE(A28,D28,F28,K28,N28,Q28,R28,AB28,T28,AG28,U28,V28,AE28,B28) -> 46505GN1400Trabalhador FlorestalANTONIO MARCIO PEREIRA DA SILVA1ª IRRIGAÇÃO DE REPLANTIOCanto do Pinhe509Principal20,5Julho-2604046195,966134259346195 | AM28: =IFERROR(V28/W28,"") -> 14.869888 | AN28: =IFERROR(AM28*Z28,"") -> 4057.8439 | AO28: =Z28*T28 -> 5594.245 | AP28: =IFERROR(AO28-AN28,"") -> 1536.4011
A29: 46505 | B29: 46195 | C29: 1°- 07/2026 | D29: GN1400 | E29: Arauco - Silvicultura | F29: Motorista | G29: 8 | H29: 10859 | I29: RENATO DE SOUZA PEREIRA | J29: 10315 | K29: ANTONIO MARCIO PEREIRA DA SILVA | L29: ANTONIO MARCIO PEREIRA DA SILVA | M29: REF32 - 01 | N29: 1ª IRRIGAÇÃO DE REPLANTIO | O29: HA | P29: 410 | Q29: Canto do Pinhe | R29: 509 | S29: 9 | T29: 20.5 | U29: 0 | V29: 9 | W29: 0.18 | X29: 0.44 | Y29: 0.44 | Z29: 70.74 | AA29: CONCLUIDO | AB29: Suporte | AC29: Antonio Marcio Pereira da Silva | AE29: 46195.966 | AG29: =IF(B29=0,"",PROPER(TEXT(IF(DAY(B29)>20,EDATE(B29,1),B29),"MMMM-aa"))) -> Julho-26 | AH29: =_xlfn.XLOOKUP(AK29,'Base de Preços'!P$7:P$3001,'Base de Preços'!J$7:J$3001,"",0) -> 551.6 | AI29: =IF(AB29="Principal",AH29*T29,0) -> 0 | AJ29: =_xlfn.XLOOKUP(N29,Agrupamentos!C$3:C$496,Agrupamentos!D$3:D$496,"",0) -> IRRIGAÇÃO DE REPLANTIO | AK29: =N29&D29&M29 -> 1ª IRRIGAÇÃO DE REPLANTIOGN1400REF32 - 01 | AL29: =CONCATENATE(A29,D29,F29,K29,N29,Q29,R29,AB29,T29,AG29,U29,V29,AE29,B29) -> 46505GN1400MotoristaANTONIO MARCIO PEREIRA DA SILVA1ª IRRIGAÇÃO DE REPLANTIOCanto do Pinhe509Suporte20,5Julho-260946195,966134259346195 | AM29: =IFERROR(V29/W29,"") -> 50 | AN29: =IFERROR(AM29*Z29,"") -> 3537 | AO29: =Z29*T29 -> 1450.17 | AP29: =IFERROR(AO29-AN29,"") -> -2086.83
A30: 46505 | B30: 46195 | C30: 1°- 07/2026 | D30: GN1400 | E30: Arauco - Silvicultura | F30: Trabalhador Florestal | G30: 8 | H30: 10859 | I30: RENATO DE SOUZA PEREIRA | J30: 10315 | K30: ANTONIO MARCIO PEREIRA DA SILVA | L30: ANTONIO MARCIO PEREIRA DA SILVA | M30: REF29 | N30: REPLANTIO | O30: HA | P30: 410 | Q30: Canto do Pinhe | R30: 509 | S30: 32 | T30: 20.5 | U30: 0 | V30: 32 | W30: 3.18 | X30: 1.56 | Y30: 1.56 | Z30: 322.28 | AA30: CONCLUIDO | AB30: Principal | AC30: Antonio Marcio Pereira da Silva | AD30: Cilas Andrei da Silva Serrado | AE30: 46195.966 | AG30: =IF(B30=0,"",PROPER(TEXT(IF(DAY(B30)>20,EDATE(B30,1),B30),"MMMM-aa"))) -> Julho-26 | AH30: =_xlfn.XLOOKUP(AK30,'Base de Preços'!P$7:P$3001,'Base de Preços'!J$7:J$3001,"",0) -> 446.88 | AI30: =IF(AB30="Principal",AH30*T30,0) -> 9161.04 | AJ30: =_xlfn.XLOOKUP(N30,Agrupamentos!C$3:C$496,Agrupamentos!D$3:D$496,"",0) -> REPLANTIO | AK30: =N30&D30&M30 -> REPLANTIOGN1400REF29 | AL30: =CONCATENATE(A30,D30,F30,K30,N30,Q30,R30,AB30,T30,AG30,U30,V30,AE30,B30) -> 46505GN1400Trabalhador FlorestalANTONIO MARCIO PEREIRA DA SILVAREPLANTIOCanto do Pinhe509Principal20,5Julho-2603246195,966134259346195 | AM30: =IFERROR(V30/W30,"") -> 10.062893 | AN30: =IFERROR(AM30*Z30,"") -> 3243.0692 | AO30: =Z30*T30 -> 6606.74 | AP30: =IFERROR(AO30-AN30,"") -> 3363.6708
A31: 46505 | B31: 46195 | C31: 1°- 07/2026 | D31: GN1400 | E31: Arauco - Silvicultura | F31: Operador de Trator de Pneu | G31: 8 | H31: 10859 | I31: RENATO DE SOUZA PEREIRA | J31: 10315 | K31: ANTONIO MARCIO PEREIRA DA SILVA | L31: ANTONIO MARCIO PEREIRA DA SILVA | M31: REF32 - 01 | N31: 1ª IRRIGAÇÃO DE REPLANTIO | O31: HA | P31: 410 | Q31: Canto do Pinhe | R31: 509 | S31: 8 | T31: 20.5 | U31: 0 | V31: 8 | W31: 0.54 | X31: 0.39 | Y31: 0.39 | Z31: 207.97 | AA31: CONCLUIDO | AB31: Apoio | AC31: Antonio Marcio Pereira da Silva | AE31: 46195.966 | AG31: =IF(B31=0,"",PROPER(TEXT(IF(DAY(B31)>20,EDATE(B31,1),B31),"MMMM-aa"))) -> Julho-26 | AH31: =_xlfn.XLOOKUP(AK31,'Base de Preços'!P$7:P$3001,'Base de Preços'!J$7:J$3001,"",0) -> 551.6 | AI31: =IF(AB31="Principal",AH31*T31,0) -> 0 | AJ31: =_xlfn.XLOOKUP(N31,Agrupamentos!C$3:C$496,Agrupamentos!D$3:D$496,"",0) -> IRRIGAÇÃO DE REPLANTIO | AK31: =N31&D31&M31 -> 1ª IRRIGAÇÃO DE REPLANTIOGN1400REF32 - 01 | AL31: =CONCATENATE(A31,D31,F31,K31,N31,Q31,R31,AB31,T31,AG31,U31,V31,AE31,B31) -> 46505GN1400Operador de Trator de PneuANTONIO MARCIO PEREIRA DA SILVA1ª IRRIGAÇÃO DE REPLANTIOCanto do Pinhe509Apoio20,5Julho-260846195,966134259346195 | AM31: =IFERROR(V31/W31,"") -> 14.814815 | AN31: =IFERROR(AM31*Z31,"") -> 3081.037 | AO31: =Z31*T31 -> 4263.385 | AP31: =IFERROR(AO31-AN31,"") -> 1182.348
A32: 46505 | B32: 46195 | C32: 1°- 07/2026 | D32: GN1400 | E32: Arauco - Silvicultura | F32: Operador de Trator de Pneu | G32: 8 | H32: 10859 | I32: RENATO DE SOUZA PEREIRA | J32: 10315 | K32: ANTONIO MARCIO PEREIRA DA SILVA | L32: ANTONIO MARCIO PEREIRA DA SILVA | M32: REF29 | N32: REPLANTIO | O32: HA | P32: 410 | Q32: Canto do Pinhe | R32: 509 | S32: 8 | T32: 20.5 | U32: 0 | V32: 8 | W32: 0.4 | X32: 0.39 | Y32: 0.39 | Z32: 124.6 | AA32: CONCLUIDO | AB32: Apoio | AC32: Antonio Marcio Pereira da Silva | AE32: 46195.966 | AG32: =IF(B32=0,"",PROPER(TEXT(IF(DAY(B32)>20,EDATE(B32,1),B32),"MMMM-aa"))) -> Julho-26 | AH32: =_xlfn.XLOOKUP(AK32,'Base de Preços'!P$7:P$3001,'Base de Preços'!J$7:J$3001,"",0) -> 446.88 | AI32: =IF(AB32="Principal",AH32*T32,0) -> 0 | AJ32: =_xlfn.XLOOKUP(N32,Agrupamentos!C$3:C$496,Agrupamentos!D$3:D$496,"",0) -> REPLANTIO | AK32: =N32&D32&M32 -> REPLANTIOGN1400REF29 | AL32: =CONCATENATE(A32,D32,F32,K32,N32,Q32,R32,AB32,T32,AG32,U32,V32,AE32,B32) -> 46505GN1400Operador de Trator de PneuANTONIO MARCIO PEREIRA DA SILVAREPLANTIOCanto do Pinhe509Apoio20,5Julho-260846195,966134259346195 | AM32: =IFERROR(V32/W32,"") -> 20 | AN32: =IFERROR(AM32*Z32,"") -> 2492 | AO32: =Z32*T32 -> 2554.3 | AP32: =IFERROR(AO32-AN32,"") -> 62.3
A33: 46506 | B33: 46195 | C33: 1°- 07/2026 | D33: GN1400 | E33: Arauco - Silvicultura | F33: Trabalhador Florestal | G33: 8 | H33: 10859 | I33: RENATO DE SOUZA PEREIRA | J33: 10093 | K33: JONATHAN FONSECA DE OLIVEIRA | L33: JONATHAN FONSECA DE OLIVEIRA | M33: REF12 | N33: PLANTIO MANUAL 1.110 plantas/HA, mudas com tratamento (MAP e Cupinicida), mudas SEM TUBETE + Replantio | O33: HA | P33: 400 | Q33: Rosa Maria | R33: 378 | S33: 40 | T33: 11.93 | U33: 0 | V33: 40 | W33: 12.32 | X33: 3.35 | Y33: 3.35 | Z33: 1237.4 | AA33: CONCLUIDO | AB33: Principal | AC33: Jonathan Fonseca de Oliveira | AD33: Lucas Barbosa Ramos | AE33: 46195.99 | AG33: =IF(B33=0,"",PROPER(TEXT(IF(DAY(B33)>20,EDATE(B33,1),B33),"MMMM-aa"))) -> Julho-26 | AH33: =_xlfn.XLOOKUP(AK33,'Base de Preços'!P$7:P$3001,'Base de Preços'!J$7:J$3001,"",0) -> 1627.29 | AI33: =IF(AB33="Principal",AH33*T33,0) -> 19413.57 | AJ33: =_xlfn.XLOOKUP(N33,Agrupamentos!C$3:C$496,Agrupamentos!D$3:D$496,"",0) -> PLANTIO | AK33: =N33&D33&M33 -> PLANTIO MANUAL 1.110 plantas/HA, mudas com tratamento (MAP e Cupinicida), mudas SEM TUBETE + ReplantioGN1400REF12 | AL33: =CONCATENATE(A33,D33,F33,K33,N33,Q33,R33,AB33,T33,AG33,U33,V33,AE33,B33) -> 46506GN1400Trabalhador FlorestalJONATHAN FONSECA DE OLIVEIRAPLANTIO MANUAL 1.110 plantas/HA, mudas com tratamento (MAP e Cupinicida), mudas SEM TUBETE + ReplantioRosa Maria378Principal11,93Julho-2604046195,990324074146195 | AM33: =IFERROR(V33/W33,"") -> 3.2467532 | AN33: =IFERROR(AM33*Z33,"") -> 4017.5325 | AO33: =Z33*T33 -> 14762.182 | AP33: =IFERROR(AO33-AN33,"") -> 10744.65
A34: 46506 | B34: 46195 | C34: 1°- 07/2026 | D34: GN1400 | E34: Arauco - Silvicultura | F34: Trabalhador Florestal | G34: 8 | H34: 10859 | I34: RENATO DE SOUZA PEREIRA | J34: 10093 | K34: JONATHAN FONSECA DE OLIVEIRA | L34: JONATHAN FONSECA DE OLIVEIRA | M34: REF14 | N34: Irrigação de Plantio 4 a 5L/Planta+Polímero, tomadas d'água a 5 a 10KM da Operação, incluindo captação de água | O34: HA | P34: 400 | Q34: Rosa Maria | R34: 363 | S34: 40 | T34: 20 | U34: 0 | V34: 40 | W34: 4.58 | X34: 2 | Y34: 2 | Z34: 235.73 | AA34: CONCLUIDO | AB34: Principal | AC34: Jonathan Fonseca de Oliveira | AD34: Lucas Barbosa Ramos | AE34: 46195.99 | AG34: =IF(B34=0,"",PROPER(TEXT(IF(DAY(B34)>20,EDATE(B34,1),B34),"MMMM-aa"))) -> Julho-26 | AH34: =_xlfn.XLOOKUP(AK34,'Base de Preços'!P$7:P$3001,'Base de Preços'!J$7:J$3001,"",0) -> 1041.6 | AI34: =IF(AB34="Principal",AH34*T34,0) -> 20832 | AJ34: =_xlfn.XLOOKUP(N34,Agrupamentos!C$3:C$496,Agrupamentos!D$3:D$496,"",0) -> IRRIGAÇÃO DE PLANTIO | AK34: =N34&D34&M34 -> Irrigação de Plantio 4 a 5L/Planta+Polímero, tomadas d'água a 5 a 10KM da Operação, incluindo captação de águaGN1400REF14 | AL34: =CONCATENATE(A34,D34,F34,K34,N34,Q34,R34,AB34,T34,AG34,U34,V34,AE34,B34) -> 46506GN1400Trabalhador FlorestalJONATHAN FONSECA DE OLIVEIRAIrrigação de Plantio 4 a 5L/Planta+Polímero, tomadas d'água a 5 a 10KM da Operação, incluindo captação de águaRosa Maria363Principal20Julho-2604046195,990324074146195 | AM34: =IFERROR(V34/W34,"") -> 8.7336245 | AN34: =IFERROR(AM34*Z34,"") -> 2058.7773 | AO34: =Z34*T34 -> 4714.6 | AP34: =IFERROR(AO34-AN34,"") -> 2655.8227
A35: 46506 | B35: 46195 | C35: 1°- 07/2026 | D35: GN1400 | E35: Arauco - Silvicultura | F35: Trabalhador Florestal | G35: 8 | H35: 10859 | I35: RENATO DE SOUZA PEREIRA | J35: 10093 | K35: JONATHAN FONSECA DE OLIVEIRA | L35: JONATHAN FONSECA DE OLIVEIRA | M35: REF14 | N35: Irrigação de Plantio 4 a 5L/Planta+Polímero, tomadas d'água a 5 a 10KM da Operação, incluindo captação de água | O35: HA | P35: 400 | Q35: Rosa Maria | R35: 364 | S35: 40 | T35: 20 | U35: 0 | V35: 40 | W35: 4.58 | X35: 2 | Y35: 2 | Z35: 235.73 | AA35: CONCLUIDO | AB35: Principal | AC35: Jonathan Fonseca de Oliveira | AD35: Lucas Barbosa Ramos | AE35: 46195.99 | AG35: =IF(B35=0,"",PROPER(TEXT(IF(DAY(B35)>20,EDATE(B35,1),B35),"MMMM-aa"))) -> Julho-26 | AH35: =_xlfn.XLOOKUP(AK35,'Base de Preços'!P$7:P$3001,'Base de Preços'!J$7:J$3001,"",0) -> 1041.6 | AI35: =IF(AB35="Principal",AH35*T35,0) -> 20832 | AJ35: =_xlfn.XLOOKUP(N35,Agrupamentos!C$3:C$496,Agrupamentos!D$3:D$496,"",0) -> IRRIGAÇÃO DE PLANTIO | AK35: =N35&D35&M35 -> Irrigação de Plantio 4 a 5L/Planta+Polímero, tomadas d'água a 5 a 10KM da Operação, incluindo captação de águaGN1400REF14 | AL35: =CONCATENATE(A35,D35,F35,K35,N35,Q35,R35,AB35,T35,AG35,U35,V35,AE35,B35) -> 46506GN1400Trabalhador FlorestalJONATHAN FONSECA DE OLIVEIRAIrrigação de Plantio 4 a 5L/Planta+Polímero, tomadas d'água a 5 a 10KM da Operação, incluindo captação de águaRosa Maria364Principal20Julho-2604046195,990324074146195 | AM35: =IFERROR(V35/W35,"") -> 8.7336245 | AN35: =IFERROR(AM35*Z35,"") -> 2058.7773 | AO35: =Z35*T35 -> 4714.6 | AP35: =IFERROR(AO35-AN35,"") -> 2655.8227
A36: 46506 | B36: 46195 | C36: 1°- 07/2026 | D36: GN1400 | E36: Arauco - Silvicultura | F36: Operador de Trator de Pneu | G36: 8 | H36: 10859 | I36: RENATO DE SOUZA PEREIRA | J36: 10093 | K36: JONATHAN FONSECA DE OLIVEIRA | L36: JONATHAN FONSECA DE OLIVEIRA | M36: REF11 | N36: SUBSOLAGEM COM ADUBAÇÃO 350 a 400kg/ha, 40 a 50cm de profundidade, com bacia 3 a 4 litros, 2 turnos | O36: HA | P36: 400 | Q36: Rosa Maria | R36: 372 | S36: 4 | T36: 10 | U36: 16 | V36: 20 | W36: 1.59 | X36: 0.4 | Y36: 2 | Z36: 1104.72 | AA36: EM ANDAMENTO | AB36: Principal | AC36: Jonathan Fonseca de Oliveira | AD36: Cilas Andrei da Silva Serrado | AE36: 46195.99 | AG36: =IF(B36=0,"",PROPER(TEXT(IF(DAY(B36)>20,EDATE(B36,1),B36),"MMMM-aa"))) -> Julho-26 | AH36: =_xlfn.XLOOKUP(AK36,'Base de Preços'!P$7:P$3001,'Base de Preços'!J$7:J$3001,"",0) -> 1263.67 | AI36: =IF(AB36="Principal",AH36*T36,0) -> 12636.7 | AJ36: =_xlfn.XLOOKUP(N36,Agrupamentos!C$3:C$496,Agrupamentos!D$3:D$496,"",0) -> SUBSOSALGEM | AK36: =N36&D36&M36 -> SUBSOLAGEM COM ADUBAÇÃO 350 a 400kg/ha, 40 a 50cm de profundidade, com bacia 3 a 4 litros, 2 turnosGN1400REF11 | AL36: =CONCATENATE(A36,D36,F36,K36,N36,Q36,R36,AB36,T36,AG36,U36,V36,AE36,B36) -> 46506GN1400Operador de Trator de PneuJONATHAN FONSECA DE OLIVEIRASUBSOLAGEM COM ADUBAÇÃO 350 a 400kg/ha, 40 a 50cm de profundidade, com bacia 3 a 4 litros, 2 turnosRosa Maria372Principal10Julho-26162046195,990324074146195 | AM36: =IFERROR(V36/W36,"") -> 12.578616 | AN36: =IFERROR(AM36*Z36,"") -> 13895.849 | AO36: =Z36*T36 -> 11047.2 | AP36: =IFERROR(AO36-AN36,"") -> -2848.6491
A37: 46506 | B37: 46195 | C37: 1°- 07/2026 | D37: GN1400 | E37: Arauco - Silvicultura | F37: Trabalhador Florestal | G37: 8 | H37: 10859 | I37: RENATO DE SOUZA PEREIRA | J37: 10093 | K37: JONATHAN FONSECA DE OLIVEIRA | L37: JONATHAN FONSECA DE OLIVEIRA | M37: REF14 | N37: Irrigação de Plantio 4 a 5L/Planta+Polímero, tomadas d'água a 5 a 10KM da Operação, incluindo captação de água | O37: HA | P37: 400 | Q37: Rosa Maria | R37: 359 | S37: 12 | T37: 7.1 | U37: 0 | V37: 12 | W37: 4.58 | X37: 1.69 | Y37: 1.69 | Z37: 235.73 | AA37: EM ANDAMENTO | AB37: Principal | AC37: Jonathan Fonseca de Oliveira | AD37: Lucas Barbosa Ramos | AE37: 46196.355 | AG37: =IF(B37=0,"",PROPER(TEXT(IF(DAY(B37)>20,EDATE(B37,1),B37),"MMMM-aa"))) -> Julho-26 | AH37: =_xlfn.XLOOKUP(AK37,'Base de Preços'!P$7:P$3001,'Base de Preços'!J$7:J$3001,"",0) -> 1041.6 | AI37: =IF(AB37="Principal",AH37*T37,0) -> 7395.36 | AJ37: =_xlfn.XLOOKUP(N37,Agrupamentos!C$3:C$496,Agrupamentos!D$3:D$496,"",0) -> IRRIGAÇÃO DE PLANTIO | AK37: =N37&D37&M37 -> Irrigação de Plantio 4 a 5L/Planta+Polímero, tomadas d'água a 5 a 10KM da Operação, incluindo captação de águaGN1400REF14 | AL37: =CONCATENATE(A37,D37,F37,K37,N37,Q37,R37,AB37,T37,AG37,U37,V37,AE37,B37) -> 46506GN1400Trabalhador FlorestalJONATHAN FONSECA DE OLIVEIRAIrrigação de Plantio 4 a 5L/Planta+Polímero, tomadas d'água a 5 a 10KM da Operação, incluindo captação de águaRosa Maria359Principal7,1Julho-2601246196,355127314846195 | AM37: =IFERROR(V37/W37,"") -> 2.6200873 | AN37: =IFERROR(AM37*Z37,"") -> 617.63319 | AO37: =Z37*T37 -> 1673.683 | AP37: =IFERROR(AO37-AN37,"") -> 1056.0498
A38: 46506 | B38: 46195 | C38: 1°- 07/2026 | D38: GN1400 | E38: Arauco - Silvicultura | F38: Operador de Trator de Pneu | G38: 8 | H38: 10859 | I38: RENATO DE SOUZA PEREIRA | J38: 10093 | K38: JONATHAN FONSECA DE OLIVEIRA | L38: JONATHAN FONSECA DE OLIVEIRA | M38: REF14 | N38: Irrigação de Plantio 4 a 5L/Planta+Polímero, tomadas d'água a 5 a 10KM da Operação, incluindo captação de água | O38: HA | P38: 400 | Q38: Rosa Maria | R38: 363 | S38: 4 | T38: 20 | U38: 0 | V38: 4 | W38: 0.92 | X38: 0.2 | Y38: 0.2 | Z38: 582.53 | AA38: CONCLUIDO | AB38: Apoio | AC38: Jonathan Fonseca de Oliveira | AD38: Lucas Barbosa Ramos | AE38: 46195.99 | AG38: =IF(B38=0,"",PROPER(TEXT(IF(DAY(B38)>20,EDATE(B38,1),B38),"MMMM-aa"))) -> Julho-26 | AH38: =_xlfn.XLOOKUP(AK38,'Base de Preços'!P$7:P$3001,'Base de Preços'!J$7:J$3001,"",0) -> 1041.6 | AI38: =IF(AB38="Principal",AH38*T38,0) -> 0 | AJ38: =_xlfn.XLOOKUP(N38,Agrupamentos!C$3:C$496,Agrupamentos!D$3:D$496,"",0) -> IRRIGAÇÃO DE PLANTIO | AK38: =N38&D38&M38 -> Irrigação de Plantio 4 a 5L/Planta+Polímero, tomadas d'água a 5 a 10KM da Operação, incluindo captação de águaGN1400REF14 | AL38: =CONCATENATE(A38,D38,F38,K38,N38,Q38,R38,AB38,T38,AG38,U38,V38,AE38,B38) -> 46506GN1400Operador de Trator de PneuJONATHAN FONSECA DE OLIVEIRAIrrigação de Plantio 4 a 5L/Planta+Polímero, tomadas d'água a 5 a 10KM da Operação, incluindo captação de águaRosa Maria363Apoio20Julho-260446195,990324074146195 | AM38: =IFERROR(V38/W38,"") -> 4.3478261 | AN38: =IFERROR(AM38*Z38,"") -> 2532.7391 | AO38: =Z38*T38 -> 11650.6 | AP38: =IFERROR(AO38-AN38,"") -> 9117.8609
A39: 46506 | B39: 46195 | C39: 1°- 07/2026 | D39: GN1400 | E39: Arauco - Silvicultura | F39: Trabalhador Florestal | G39: 8 | H39: 10859 | I39: RENATO DE SOUZA PEREIRA | J39: 10093 | K39: JONATHAN FONSECA DE OLIVEIRA | L39: JONATHAN FONSECA DE OLIVEIRA | M39: REF12 | N39: PLANTIO MANUAL 1.110 plantas/HA, mudas com tratamento (MAP e Cupinicida), mudas SEM TUBETE + Replantio | O39: HA | P39: 400 | Q39: Rosa Maria | R39: 359 | S39: 16 | T39: 18.29 | U39: 0 | V39: 16 | W39: 12.32 | X39: 0.87 | Y39: 0.87 | Z39: 1237.4 | AA39: EM ANDAMENTO | AB39: Principal | AC39: Jonathan Fonseca de Oliveira | AD39: Lucas Barbosa Ramos | AE39: 46196.353 | AG39: =IF(B39=0,"",PROPER(TEXT(IF(DAY(B39)>20,EDATE(B39,1),B39),"MMMM-aa"))) -> Julho-26 | AH39: =_xlfn.XLOOKUP(AK39,'Base de Preços'!P$7:P$3001,'Base de Preços'!J$7:J$3001,"",0) -> 1627.29 | AI39: =IF(AB39="Principal",AH39*T39,0) -> 29763.134 | AJ39: =_xlfn.XLOOKUP(N39,Agrupamentos!C$3:C$496,Agrupamentos!D$3:D$496,"",0) -> PLANTIO | AK39: =N39&D39&M39 -> PLANTIO MANUAL 1.110 plantas/HA, mudas com tratamento (MAP e Cupinicida), mudas SEM TUBETE + ReplantioGN1400REF12 | AL39: =CONCATENATE(A39,D39,F39,K39,N39,Q39,R39,AB39,T39,AG39,U39,V39,AE39,B39) -> 46506GN1400Trabalhador FlorestalJONATHAN FONSECA DE OLIVEIRAPLANTIO MANUAL 1.110 plantas/HA, mudas com tratamento (MAP e Cupinicida), mudas SEM TUBETE + ReplantioRosa Maria359Principal18,29Julho-2601646196,35328703746195 | AM39: =IFERROR(V39/W39,"") -> 1.2987013 | AN39: =IFERROR(AM39*Z39,"") -> 1607.013 | AO39: =Z39*T39 -> 22632.046 | AP39: =IFERROR(AO39-AN39,"") -> 21025.033
A40: 46506 | B40: 46195 | C40: 1°- 07/2026 | D40: GN1400 | E40: Arauco - Silvicultura | F40: Trabalhador Florestal | G40: 8 | H40: 10859 | I40: RENATO DE SOUZA PEREIRA | J40: 10093 | K40: JONATHAN FONSECA DE OLIVEIRA | L40: JONATHAN FONSECA DE OLIVEIRA | M40: REF14 | N40: Irrigação de Plantio 4 a 5L/Planta+Polímero, tomadas d'água a 5 a 10KM da Operação, incluindo captação de água | O40: HA | P40: 400 | Q40: Rosa Maria | R40: 359A | S40: 12 | T40: 6.9 | U40: 0 | V40: 12 | W40: 4.58 | X40: 1.74 | Y40: 1.74 | Z40: 235.73 | AA40: EM ANDAMENTO | AB40: Principal | AC40: Jonathan Fonseca de Oliveira | AD40: Lucas Barbosa Ramos | AE40: 46196.355 | AG40: =IF(B40=0,"",PROPER(TEXT(IF(DAY(B40)>20,EDATE(B40,1),B40),"MMMM-aa"))) -> Julho-26 | AH40: =_xlfn.XLOOKUP(AK40,'Base de Preços'!P$7:P$3001,'Base de Preços'!J$7:J$3001,"",0) -> 1041.6 | AI40: =IF(AB40="Principal",AH40*T40,0) -> 7187.04 | AJ40: =_xlfn.XLOOKUP(N40,Agrupamentos!C$3:C$496,Agrupamentos!D$3:D$496,"",0) -> IRRIGAÇÃO DE PLANTIO | AK40: =N40&D40&M40 -> Irrigação de Plantio 4 a 5L/Planta+Polímero, tomadas d'água a 5 a 10KM da Operação, incluindo captação de águaGN1400REF14 | AL40: =CONCATENATE(A40,D40,F40,K40,N40,Q40,R40,AB40,T40,AG40,U40,V40,AE40,B40) -> 46506GN1400Trabalhador FlorestalJONATHAN FONSECA DE OLIVEIRAIrrigação de Plantio 4 a 5L/Planta+Polímero, tomadas d'água a 5 a 10KM da Operação, incluindo captação de águaRosa Maria359APrincipal6,9Julho-2601246196,354733796346195 | AM40: =IFERROR(V40/W40,"") -> 2.6200873 | AN40: =IFERROR(AM40*Z40,"") -> 617.63319 | AO40: =Z40*T40 -> 1626.537 | AP40: =IFERROR(AO40-AN40,"") -> 1008.9038
A41: 46506 | B41: 46195 | C41: 1°- 07/2026 | D41: GN1400 | E41: Arauco - Silvicultura | F41: Operador de Trator de Pneu | G41: 8 | H41: 10859 | I41: RENATO DE SOUZA PEREIRA | J41: 10093 | K41: JONATHAN FONSECA DE OLIVEIRA | L41: JONATHAN FONSECA DE OLIVEIRA | M41: REF12 | N41: PLANTIO MANUAL 1.110 plantas/HA, mudas com tratamento (MAP e Cupinicida), mudas SEM TUBETE + Replantio | O41: HA | P41: 400 | Q41: Rosa Maria | R41: 378 | S41: 8 | T41: 11.93 | U41: 0 | V41: 8 | W41: 1.23 | X41: 0.67 | Y41: 0.67 | Z41: 389.89 | AA41: CONCLUIDO | AB41: Suporte | AC41: Jonathan Fonseca de Oliveira | AE41: 46195.99 | AG41: =IF(B41=0,"",PROPER(TEXT(IF(DAY(B41)>20,EDATE(B41,1),B41),"MMMM-aa"))) -> Julho-26 | AH41: =_xlfn.XLOOKUP(AK41,'Base de Preços'!P$7:P$3001,'Base de Preços'!J$7:J$3001,"",0) -> 1627.29 | AI41: =IF(AB41="Principal",AH41*T41,0) -> 0 | AJ41: =_xlfn.XLOOKUP(N41,Agrupamentos!C$3:C$496,Agrupamentos!D$3:D$496,"",0) -> PLANTIO | AK41: =N41&D41&M41 -> PLANTIO MANUAL 1.110 plantas/HA, mudas com tratamento (MAP e Cupinicida), mudas SEM TUBETE + ReplantioGN1400REF12 | AL41: =CONCATENATE(A41,D41,F41,K41,N41,Q41,R41,AB41,T41,AG41,U41,V41,AE41,B41) -> 46506GN1400Operador de Trator de PneuJONATHAN FONSECA DE OLIVEIRAPLANTIO MANUAL 1.110 plantas/HA, mudas com tratamento (MAP e Cupinicida), mudas SEM TUBETE + ReplantioRosa Maria378Suporte11,93Julho-260846195,990324074146195 | AM41: =IFERROR(V41/W41,"") -> 6.504065 | AN41: =IFERROR(AM41*Z41,"") -> 2535.8699 | AO41: =Z41*T41 -> 4651.3877 | AP41: =IFERROR(AO41-AN41,"") -> 2115.5178
A42: 46506 | B42: 46195 | C42: 1°- 07/2026 | D42: GN1400 | E42: Arauco - Silvicultura | F42: Motorista | G42: 8 | H42: 10859 | I42: RENATO DE SOUZA PEREIRA | J42: 10093 | K42: JONATHAN FONSECA DE OLIVEIRA | L42: JONATHAN FONSECA DE OLIVEIRA | M42: 43 | N42: APOIO E MANUTEÇÃO | O42: HA | P42: 400 | Q42: Rosa Maria | R42: 363 | S42: 8 | T42: 0 | U42: 0 | V42: 8 | W42: 0 | X42: 0 | Y42: 0 | Z42: 0 | AA42: CONCLUIDO | AB42: Principal | AC42: Jonathan Fonseca de Oliveira | AE42: 46195.99 | AG42: =IF(B42=0,"",PROPER(TEXT(IF(DAY(B42)>20,EDATE(B42,1),B42),"MMMM-aa"))) -> Julho-26 | AH42: =_xlfn.XLOOKUP(AK42,'Base de Preços'!P$7:P$3001,'Base de Preços'!J$7:J$3001,"",0) -> 0 | AI42: =IF(AB42="Principal",AH42*T42,0) -> 0 | AJ42: =_xlfn.XLOOKUP(N42,Agrupamentos!C$3:C$496,Agrupamentos!D$3:D$496,"",0) -> APOIO E MANUTENÇÃO | AK42: =N42&D42&M42 -> APOIO E MANUTEÇÃOGN140043 | AL42: =CONCATENATE(A42,D42,F42,K42,N42,Q42,R42,AB42,T42,AG42,U42,V42,AE42,B42) -> 46506GN1400MotoristaJONATHAN FONSECA DE OLIVEIRAAPOIO E MANUTEÇÃORosa Maria363Principal0Julho-260846195,990324074146195 | AM42: =IFERROR(V42/W42,"") | AN42: =IFERROR(AM42*Z42,"") | AO42: =Z42*T42 -> 0 | AP42: =IFERROR(AO42-AN42,"")
A43: 46522 | B43: 46195 | C43: 1°- 07/2026 | D43: GN1400 | E43: Arauco - Silvicultura | F43: Trabalhador Florestal | G43: 8 | H43: 10859 | I43: RENATO DE SOUZA PEREIRA | J43: 10837 | K43: JEAN CARDOSO PAIVA | L43: JEAN CARDOSO PAIVA | M43: 43 | N43: APOIO E MANUTEÇÃO | O43: HA | P43: 481 | Q43: SANTA ANA | R43: 60 | S43: 0 | T43: 2.07 | U43: 0 | V43: 0 | W43: 0 | X43: 0 | Y43: 0 | Z43: 0 | AA43: CONCLUIDO | AB43: Suporte | AC43: Jean Cardoso Paiva | AD43: Cilas Andrei da Silva Serrado | AE43: 46196.354 | AF43: ATIVIDADE JÁ APONTADA RF06 | AG43: =IF(B43=0,"",PROPER(TEXT(IF(DAY(B43)>20,EDATE(B43,1),B43),"MMMM-aa"))) -> Julho-26 | AH43: =_xlfn.XLOOKUP(AK43,'Base de Preços'!P$7:P$3001,'Base de Preços'!J$7:J$3001,"",0) -> 0 | AI43: =IF(AB43="Principal",AH43*T43,0) -> 0 | AJ43: =_xlfn.XLOOKUP(N43,Agrupamentos!C$3:C$496,Agrupamentos!D$3:D$496,"",0) -> APOIO E MANUTENÇÃO | AK43: =N43&D43&M43 -> APOIO E MANUTEÇÃOGN140043 | AL43: =CONCATENATE(A43,D43,F43,K43,N43,Q43,R43,AB43,T43,AG43,U43,V43,AE43,B43) -> 46522GN1400Trabalhador FlorestalJEAN CARDOSO PAIVAAPOIO E MANUTEÇÃOSANTA ANA60Suporte2,07Julho-260046196,354386574146195 | AM43: =IFERROR(V43/W43,"") | AN43: =IFERROR(AM43*Z43,"") | AO43: =Z43*T43 -> 0 | AP43: =IFERROR(AO43-AN43,"")
A44: 46522 | B44: 46195 | C44: 1°- 07/2026 | D44: GN1400 | E44: Arauco - Silvicultura | F44: Trabalhador Florestal | G44: 8 | H44: 10859 | I44: RENATO DE SOUZA PEREIRA | J44: 10837 | K44: JEAN CARDOSO PAIVA | L44: JEAN CARDOSO PAIVA | M44: 43 | N44: APOIO E MANUTEÇÃO | O44: HA | P44: 481 | Q44: SANTA ANA | R44: 59 | S44: 0 | T44: 7.65 | U44: 0 | V44: 0 | W44: 0 | X44: 0 | Y44: 0 | Z44: 0 | AA44: CONCLUIDO | AB44: Suporte | AC44: Jean Cardoso Paiva | AD44: Cilas Andrei da Silva Serrado | AE44: 46196.354 | AF44: ATIVIDADE JÁ APONTADA RF06 | AG44: =IF(B44=0,"",PROPER(TEXT(IF(DAY(B44)>20,EDATE(B44,1),B44),"MMMM-aa"))) -> Julho-26 | AH44: =_xlfn.XLOOKUP(AK44,'Base de Preços'!P$7:P$3001,'Base de Preços'!J$7:J$3001,"",0) -> 0 | AI44: =IF(AB44="Principal",AH44*T44,0) -> 0 | AJ44: =_xlfn.XLOOKUP(N44,Agrupamentos!C$3:C$496,Agrupamentos!D$3:D$496,"",0) -> APOIO E MANUTENÇÃO | AK44: =N44&D44&M44 -> APOIO E MANUTEÇÃOGN140043 | AL44: =CONCATENATE(A44,D44,F44,K44,N44,Q44,R44,AB44,T44,AG44,U44,V44,AE44,B44) -> 46522GN1400Trabalhador FlorestalJEAN CARDOSO PAIVAAPOIO E MANUTEÇÃOSANTA ANA59Suporte7,65Julho-260046196,354386574146195 | AM44: =IFERROR(V44/W44,"") | AN44: =IFERROR(AM44*Z44,"") | AO44: =Z44*T44 -> 0 | AP44: =IFERROR(AO44-AN44,"")
A45: 46522 | B45: 46195 | C45: 1°- 07/2026 | D45: GN1400 | E45: Arauco - Silvicultura | F45: Trabalhador Florestal | G45: 8 | H45: 10859 | I45: RENATO DE SOUZA PEREIRA | J45: 10837 | K45: JEAN CARDOSO PAIVA | L45: JEAN CARDOSO PAIVA | M45: 43 | N45: APOIO E MANUTEÇÃO | O45: HA | P45: 481 | Q45: SANTA ANA | R45: 56 | S45: 0 | T45: 40.91 | U45: 0 | V45: 0 | W45: 0 | X45: 0 | Y45: 0 | Z45: 0 | AA45: CONCLUIDO | AB45: Suporte | AC45: Jean Cardoso Paiva | AD45: Cilas Andrei da Silva Serrado | AE45: 46196.354 | AF45: ATIVIDADE JÁ APONTADA RF06 | AG45: =IF(B45=0,"",PROPER(TEXT(IF(DAY(B45)>20,EDATE(B45,1),B45),"MMMM-aa"))) -> Julho-26 | AH45: =_xlfn.XLOOKUP(AK45,'Base de Preços'!P$7:P$3001,'Base de Preços'!J$7:J$3001,"",0) -> 0 | AI45: =IF(AB45="Principal",AH45*T45,0) -> 0 | AJ45: =_xlfn.XLOOKUP(N45,Agrupamentos!C$3:C$496,Agrupamentos!D$3:D$496,"",0) -> APOIO E MANUTENÇÃO | AK45: =N45&D45&M45 -> APOIO E MANUTEÇÃOGN140043 | AL45: =CONCATENATE(A45,D45,F45,K45,N45,Q45,R45,AB45,T45,AG45,U45,V45,AE45,B45) -> 46522GN1400Trabalhador FlorestalJEAN CARDOSO PAIVAAPOIO E MANUTEÇÃOSANTA ANA56Suporte40,91Julho-260046196,354386574146195 | AM45: =IFERROR(V45/W45,"") | AN45: =IFERROR(AM45*Z45,"") | AO45: =Z45*T45 -> 0 | AP45: =IFERROR(AO45-AN45,"")
A46: 46522 | B46: 46195 | C46: 1°- 07/2026 | D46: GN1400 | E46: Arauco - Silvicultura | F46: Motorista | G46: 8 | H46: 10859 | I46: RENATO DE SOUZA PEREIRA | J46: 10837 | K46: JEAN CARDOSO PAIVA | L46: JEAN CARDOSO PAIVA | M46: 43 | N46: APOIO E MANUTEÇÃO | O46: HA | P46: 481 | Q46: SANTA ANA | R46: 73 | S46: 0 | T46: 0 | U46: 8 | V46: 8 | W46: 0 | X46: 0 | Y46: 0 | Z46: 0 | AA46: EM ANDAMENTO | AB46: Principal | AC46: Jean Cardoso Paiva | AD46: Lucas Barbosa Ramos | AE46: 46196.471 | AF46: ATIVIDADE JÁ APONTADA RF06 | AG46: =IF(B46=0,"",PROPER(TEXT(IF(DAY(B46)>20,EDATE(B46,1),B46),"MMMM-aa"))) -> Julho-26 | AH46: =_xlfn.XLOOKUP(AK46,'Base de Preços'!P$7:P$3001,'Base de Preços'!J$7:J$3001,"",0) -> 0 | AI46: =IF(AB46="Principal",AH46*T46,0) -> 0 | AJ46: =_xlfn.XLOOKUP(N46,Agrupamentos!C$3:C$496,Agrupamentos!D$3:D$496,"",0) -> APOIO E MANUTENÇÃO | AK46: =N46&D46&M46 -> APOIO E MANUTEÇÃOGN140043 | AL46: =CONCATENATE(A46,D46,F46,K46,N46,Q46,R46,AB46,T46,AG46,U46,V46,AE46,B46) -> 46522GN1400MotoristaJEAN CARDOSO PAIVAAPOIO E MANUTEÇÃOSANTA ANA73Principal0Julho-268846196,471180555646195 | AM46: =IFERROR(V46/W46,"") | AN46: =IFERROR(AM46*Z46,"") | AO46: =Z46*T46 -> 0 | AP46: =IFERROR(AO46-AN46,"")
A47: 46522 | B47: 46195 | C47: 1°- 07/2026 | D47: GN1400 | E47: Arauco - Silvicultura | F47: Trabalhador Florestal | G47: 8 | H47: 10859 | I47: RENATO DE SOUZA PEREIRA | J47: 10837 | K47: JEAN CARDOSO PAIVA | L47: JEAN CARDOSO PAIVA | M47: 43 | N47: APOIO E MANUTEÇÃO | O47: HA | P47: 481 | Q47: SANTA ANA | R47: 58A | S47: 0 | T47: 6.94 | U47: 0 | V47: 0 | W47: 0 | X47: 0 | Y47: 0 | Z47: 0 | AA47: CONCLUIDO | AB47: Suporte | AC47: Jean Cardoso Paiva | AD47: Cilas Andrei da Silva Serrado | AE47: 46196.354 | AF47: ATIVIDADE JÁ APONTADA RF06 | AG47: =IF(B47=0,"",PROPER(TEXT(IF(DAY(B47)>20,EDATE(B47,1),B47),"MMMM-aa"))) -> Julho-26 | AH47: =_xlfn.XLOOKUP(AK47,'Base de Preços'!P$7:P$3001,'Base de Preços'!J$7:J$3001,"",0) -> 0 | AI47: =IF(AB47="Principal",AH47*T47,0) -> 0 | AJ47: =_xlfn.XLOOKUP(N47,Agrupamentos!C$3:C$496,Agrupamentos!D$3:D$496,"",0) -> APOIO E MANUTENÇÃO | AK47: =N47&D47&M47 -> APOIO E MANUTEÇÃOGN140043 | AL47: =CONCATENATE(A47,D47,F47,K47,N47,Q47,R47,AB47,T47,AG47,U47,V47,AE47,B47) -> 46522GN1400Trabalhador FlorestalJEAN CARDOSO PAIVAAPOIO E MANUTEÇÃOSANTA ANA58ASuporte6,94Julho-260046196,354386574146195 | AM47: =IFERROR(V47/W47,"") | AN47: =IFERROR(AM47*Z47,"") | AO47: =Z47*T47 -> 0 | AP47: =IFERROR(AO47-AN47,"")
A48: 46522 | B48: 46195 | C48: 1°- 07/2026 | D48: GN1400 | E48: Arauco - Silvicultura | F48: Trabalhador Florestal | G48: 8 | H48: 10859 | I48: RENATO DE SOUZA PEREIRA | J48: 10837 | K48: JEAN CARDOSO PAIVA | L48: JEAN CARDOSO PAIVA | M48: 43 | N48: APOIO E MANUTEÇÃO | O48: HA | P48: 481 | Q48: SANTA ANA | R48: 73 | S48: 0 | T48: 71.36 | U48: 0 | V48: 0 | W48: 0 | X48: 0 | Y48: 0 | Z48: 0 | AA48: CONCLUIDO | AB48: Suporte | AC48: Jean Cardoso Paiva | AD48: Cilas Andrei da Silva Serrado | AE48: 46196.354 | AF48: ATIVIDADE JÁ APONTADA RF06 | AG48: =IF(B48=0,"",PROPER(TEXT(IF(DAY(B48)>20,EDATE(B48,1),B48),"MMMM-aa"))) -> Julho-26 | AH48: =_xlfn.XLOOKUP(AK48,'Base de Preços'!P$7:P$3001,'Base de Preços'!J$7:J$3001,"",0) -> 0 | AI48: =IF(AB48="Principal",AH48*T48,0) -> 0 | AJ48: =_xlfn.XLOOKUP(N48,Agrupamentos!C$3:C$496,Agrupamentos!D$3:D$496,"",0) -> APOIO E MANUTENÇÃO | AK48: =N48&D48&M48 -> APOIO E MANUTEÇÃOGN140043 | AL48: =CONCATENATE(A48,D48,F48,K48,N48,Q48,R48,AB48,T48,AG48,U48,V48,AE48,B48) -> 46522GN1400Trabalhador FlorestalJEAN CARDOSO PAIVAAPOIO E MANUTEÇÃOSANTA ANA73Suporte71,36Julho-260046196,354386574146195 | AM48: =IFERROR(V48/W48,"") | AN48: =IFERROR(AM48*Z48,"") | AO48: =Z48*T48 -> 0 | AP48: =IFERROR(AO48-AN48,"")
A49: 46522 | B49: 46195 | C49: 1°- 07/2026 | D49: GN1400 | E49: Arauco - Silvicultura | F49: Trabalhador Florestal | G49: 8 | H49: 10859 | I49: RENATO DE SOUZA PEREIRA | J49: 10837 | K49: JEAN CARDOSO PAIVA | L49: JEAN CARDOSO PAIVA | M49: 43 | N49: APOIO E MANUTEÇÃO | O49: HA | P49: 481 | Q49: SANTA ANA | R49: 76A | S49: 0 | T49: 26.23 | U49: 0 | V49: 0 | W49: 0 | X49: 0 | Y49: 0 | Z49: 0 | AA49: CONCLUIDO | AB49: Suporte | AC49: Jean Cardoso Paiva | AD49: Cilas Andrei da Silva Serrado | AE49: 46196.354 | AF49: ATIVIDADE JÁ APONTADA RF06 | AG49: =IF(B49=0,"",PROPER(TEXT(IF(DAY(B49)>20,EDATE(B49,1),B49),"MMMM-aa"))) -> Julho-26 | AH49: =_xlfn.XLOOKUP(AK49,'Base de Preços'!P$7:P$3001,'Base de Preços'!J$7:J$3001,"",0) -> 0 | AI49: =IF(AB49="Principal",AH49*T49,0) -> 0 | AJ49: =_xlfn.XLOOKUP(N49,Agrupamentos!C$3:C$496,Agrupamentos!D$3:D$496,"",0) -> APOIO E MANUTENÇÃO | AK49: =N49&D49&M49 -> APOIO E MANUTEÇÃOGN140043 | AL49: =CONCATENATE(A49,D49,F49,K49,N49,Q49,R49,AB49,T49,AG49,U49,V49,AE49,B49) -> 46522GN1400Trabalhador FlorestalJEAN CARDOSO PAIVAAPOIO E MANUTEÇÃOSANTA ANA76ASuporte26,23Julho-260046196,354386574146195 | AM49: =IFERROR(V49/W49,"") | AN49: =IFERROR(AM49*Z49,"") | AO49: =Z49*T49 -> 0 | AP49: =IFERROR(AO49-AN49,"")
A50: 46522 | B50: 46195 | C50: 1°- 07/2026 | D50: GN1400 | E50: Arauco - Silvicultura | F50: Trabalhador Florestal | G50: 8 | H50: 10859 | I50: RENATO DE SOUZA PEREIRA | J50: 10837 | K50: JEAN CARDOSO PAIVA | L50: JEAN CARDOSO PAIVA | M50: 43 | N50: APOIO E MANUTEÇÃO | O50: HA | P50: 481 | Q50: SANTA ANA | R50: 62 | S50: 0 | T50: 0.45 | U50: 0 | V50: 0 | W50: 0 | X50: 0 | Y50: 0 | Z50: 0 | AA50: CONCLUIDO | AB50: Suporte | AC50: Jean Cardoso Paiva | AD50: Cilas Andrei da Silva Serrado | AE50: 46196.354 | AF50: ATIVIDADE JÁ APONTADA RF06 | AG50: =IF(B50=0,"",PROPER(TEXT(IF(DAY(B50)>20,EDATE(B50,1),B50),"MMMM-aa"))) -> Julho-26 | AH50: =_xlfn.XLOOKUP(AK50,'Base de Preços'!P$7:P$3001,'Base de Preços'!J$7:J$3001,"",0) -> 0 | AI50: =IF(AB50="Principal",AH50*T50,0) -> 0 | AJ50: =_xlfn.XLOOKUP(N50,Agrupamentos!C$3:C$496,Agrupamentos!D$3:D$496,"",0) -> APOIO E MANUTENÇÃO | AK50: =N50&D50&M50 -> APOIO E MANUTEÇÃOGN140043 | AL50: =CONCATENATE(A50,D50,F50,K50,N50,Q50,R50,AB50,T50,AG50,U50,V50,AE50,B50) -> 46522GN1400Trabalhador FlorestalJEAN CARDOSO PAIVAAPOIO E MANUTEÇÃOSANTA ANA62Suporte0,45Julho-260046196,354386574146195 | AM50: =IFERROR(V50/W50,"") | AN50: =IFERROR(AM50*Z50,"") | AO50: =Z50*T50 -> 0 | AP50: =IFERROR(AO50-AN50,"")
A51: 46526 | B51: 46195 | C51: 1°- 07/2026 | D51: GN1400 | E51: Arauco - Silvicultura | F51: Trabalhador Florestal | G51: 8 | H51: XX1 | I51: MARCELO AUGUSTO MARTINS ARAÚJO | J51: 11444E | K51: LEANDRA DE MIRANDA SOUZA COSTA | L51: ADMINISTRATIVO_1400 | M51: 43 | N51: APOIO E MANUTEÇÃO | O51: HA | P51: 394 | Q51: Almar | R51: T1 | S51: 0 | T51: 0 | U51: 8 | V51: 8 | W51: 0 | X51: 0 | Y51: 0 | Z51: 0 | AA51: EM ANDAMENTO | AB51: Suporte | AC51: Lucas Barbosa Ramos | AD51: Lucas Barbosa Ramos | AE51: 46196.365 | AG51: =IF(B51=0,"",PROPER(TEXT(IF(DAY(B51)>20,EDATE(B51,1),B51),"MMMM-aa"))) -> Julho-26 | AH51: =_xlfn.XLOOKUP(AK51,'Base de Preços'!P$7:P$3001,'Base de Preços'!J$7:J$3001,"",0) -> 0 | AI51: =IF(AB51="Principal",AH51*T51,0) -> 0 | AJ51: =_xlfn.XLOOKUP(N51,Agrupamentos!C$3:C$496,Agrupamentos!D$3:D$496,"",0) -> APOIO E MANUTENÇÃO | AK51: =N51&D51&M51 -> APOIO E MANUTEÇÃOGN140043 | AL51: =CONCATENATE(A51,D51,F51,K51,N51,Q51,R51,AB51,T51,AG51,U51,V51,AE51,B51) -> 46526GN1400Trabalhador FlorestalLEANDRA DE MIRANDA SOUZA COSTAAPOIO E MANUTEÇÃOAlmarT1Suporte0Julho-268846196,364618055646195 | AM51: =IFERROR(V51/W51,"") | AN51: =IFERROR(AM51*Z51,"") | AO51: =Z51*T51 -> 0 | AP51: =IFERROR(AO51-AN51,"")
A52: 46526 | B52: 46195 | C52: 1°- 07/2026 | D52: GN1400 | E52: Arauco - Silvicultura | F52: Operador de Trator de Pneu | G52: 8 | H52: XX1 | I52: MARCELO AUGUSTO MARTINS ARAÚJO | J52: 11444E | K52: LEANDRA DE MIRANDA SOUZA COSTA | L52: ADMINISTRATIVO_1400 | M52: 43 | N52: APOIO E MANUTEÇÃO | O52: HA | P52: 394 | Q52: Almar | R52: T1 | S52: 0 | T52: 0 | U52: 24 | V52: 24 | W52: 0 | X52: 0 | Y52: 0 | Z52: 0 | AA52: EM ANDAMENTO | AB52: Suporte | AC52: Lucas Barbosa Ramos | AD52: Lucas Barbosa Ramos | AE52: 46196.37 | AG52: =IF(B52=0,"",PROPER(TEXT(IF(DAY(B52)>20,EDATE(B52,1),B52),"MMMM-aa"))) -> Julho-26 | AH52: =_xlfn.XLOOKUP(AK52,'Base de Preços'!P$7:P$3001,'Base de Preços'!J$7:J$3001,"",0) -> 0 | AI52: =IF(AB52="Principal",AH52*T52,0) -> 0 | AJ52: =_xlfn.XLOOKUP(N52,Agrupamentos!C$3:C$496,Agrupamentos!D$3:D$496,"",0) -> APOIO E MANUTENÇÃO | AK52: =N52&D52&M52 -> APOIO E MANUTEÇÃOGN140043 | AL52: =CONCATENATE(A52,D52,F52,K52,N52,Q52,R52,AB52,T52,AG52,U52,V52,AE52,B52) -> 46526GN1400Operador de Trator de PneuLEANDRA DE MIRANDA SOUZA COSTAAPOIO E MANUTEÇÃOAlmarT1Suporte0Julho-26242446196,369918981546195 | AM52: =IFERROR(V52/W52,"") | AN52: =IFERROR(AM52*Z52,"") | AO52: =Z52*T52 -> 0 | AP52: =IFERROR(AO52-AN52,"")
A53: 46526 | B53: 46195 | C53: 1°- 07/2026 | D53: GN1400 | E53: Arauco - Silvicultura | F53: Motorista | G53: 8 | H53: XX1 | I53: MARCELO AUGUSTO MARTINS ARAÚJO | J53: 11444E | K53: LEANDRA DE MIRANDA SOUZA COSTA | L53: ADMINISTRATIVO_1400 | M53: 43 | N53: APOIO E MANUTEÇÃO | O53: HA | P53: 394 | Q53: Almar | R53: T1 | S53: 0 | T53: 0 | U53: 16 | V53: 16 | W53: 0 | X53: 0 | Y53: 0 | Z53: 0 | AA53: EM ANDAMENTO | AB53: Principal | AC53: Lucas Barbosa Ramos | AD53: Lucas Barbosa Ramos | AE53: 46196.37 | AG53: =IF(B53=0,"",PROPER(TEXT(IF(DAY(B53)>20,EDATE(B53,1),B53),"MMMM-aa"))) -> Julho-26 | AH53: =_xlfn.XLOOKUP(AK53,'Base de Preços'!P$7:P$3001,'Base de Preços'!J$7:J$3001,"",0) -> 0 | AI53: =IF(AB53="Principal",AH53*T53,0) -> 0 | AJ53: =_xlfn.XLOOKUP(N53,Agrupamentos!C$3:C$496,Agrupamentos!D$3:D$496,"",0) -> APOIO E MANUTENÇÃO | AK53: =N53&D53&M53 -> APOIO E MANUTEÇÃOGN140043 | AL53: =CONCATENATE(A53,D53,F53,K53,N53,Q53,R53,AB53,T53,AG53,U53,V53,AE53,B53) -> 46526GN1400MotoristaLEANDRA DE MIRANDA SOUZA COSTAAPOIO E MANUTEÇÃOAlmarT1Principal0Julho-26161646196,369618055646195 | AM53: =IFERROR(V53/W53,"") | AN53: =IFERROR(AM53*Z53,"") | AO53: =Z53*T53 -> 0 | AP53: =IFERROR(AO53-AN53,"")
A54: 46531 | B54: 46195 | C54: 1°- 07/2026 | D54: GN1400 | E54: Arauco - Silvicultura | F54: Operador de Trator de Pneu | G54: 8 | H54: 9241 | I54: SILMAR BARBOSA DOS SANTOS | J54: 11447 | K54: ANDREY NICOLLAS UCHOA DE OLIVEIRA | L54: Apoio e Manutenção GN1400 | M54: IMP17 | N54: COMBATE A FORMIGA PÓS PLANTIO MECANIZADO- 3 a 5kg/ha isca granulada ou MIPIS | O54: HA | P54: 390 | Q54: Pátio MS | R54: T01 | S54: 0 | T54: 0 | U54: 16 | V54: 16 | W54: 0.38 | X54: 0 | Y54: 0 | Z54: 159.09 | AA54: CONCLUIDO | AB54: Principal | AC54: Andrey Nicollas Uchôa de Oliveira | AD54: Pedro Henrique Ortega | AE54: 46196.373 | AG54: =IF(B54=0,"",PROPER(TEXT(IF(DAY(B54)>20,EDATE(B54,1),B54),"MMMM-aa"))) -> Julho-26 | AH54: =_xlfn.XLOOKUP(AK54,'Base de Preços'!P$7:P$3001,'Base de Preços'!J$7:J$3001,"",0) -> 193.73 | AI54: =IF(AB54="Principal",AH54*T54,0) -> 0 | AJ54: =_xlfn.XLOOKUP(N54,Agrupamentos!C$3:C$496,Agrupamentos!D$3:D$496,"",0) -> COMBATE A FORMIGA MECANIZADO | AK54: =N54&D54&M54 -> COMBATE A FORMIGA PÓS PLANTIO MECANIZADO- 3 a 5kg/ha isca granulada ou MIPISGN1400IMP17 | AL54: =CONCATENATE(A54,D54,F54,K54,N54,Q54,R54,AB54,T54,AG54,U54,V54,AE54,B54) -> 46531GN1400Operador de Trator de PneuANDREY NICOLLAS UCHOA DE OLIVEIRACOMBATE A FORMIGA PÓS PLANTIO MECANIZADO- 3 a 5kg/ha isca granulada ou MIPISPátio MST01Principal0Julho-26161646196,37297453746195 | AM54: =IFERROR(V54/W54,"") -> 42.105263 | AN54: =IFERROR(AM54*Z54,"") -> 6698.5263 | AO54: =Z54*T54 -> 0 | AP54: =IFERROR(AO54-AN54,"") -> -6698.5263
A55: 46538 | B55: 46195 | C55: 1°- 07/2026 | D55: GN1400 | E55: Arauco - Silvicultura | F55: Operador de Trator de Pneu | G55: 10 | H55: 10859 | I55: RENATO DE SOUZA PEREIRA | J55: 11034 | K55: JOAO VITOR TONETO SILVA | L55: JOAO VITOR TONETO SILVA | M55: IMP17 | N55: COMBATE A FORMIGA PÓS PLANTIO MECANIZADO- 3 a 5kg/ha isca granulada ou MIPIS | O55: HA | P55: 458 | Q55: Uniao - Retiro Santa Maria I | R55: 16 | S55: 10 | T55: 21.13 | U55: 5 | V55: 15 | W55: 0.38 | X55: 0.47 | Y55: 0.71 | Z55: 159.09 | AA55: CONCLUIDO | AB55: Principal | AC55: João Vitor Toneto Silva | AD55: Lucas Barbosa Ramos | AE55: 46196.401 | AG55: =IF(B55=0,"",PROPER(TEXT(IF(DAY(B55)>20,EDATE(B55,1),B55),"MMMM-aa"))) -> Julho-26 | AH55: =_xlfn.XLOOKUP(AK55,'Base de Preços'!P$7:P$3001,'Base de Preços'!J$7:J$3001,"",0) -> 193.73 | AI55: =IF(AB55="Principal",AH55*T55,0) -> 4093.5149 | AJ55: =_xlfn.XLOOKUP(N55,Agrupamentos!C$3:C$496,Agrupamentos!D$3:D$496,"",0) -> COMBATE A FORMIGA MECANIZADO | AK55: =N55&D55&M55 -> COMBATE A FORMIGA PÓS PLANTIO MECANIZADO- 3 a 5kg/ha isca granulada ou MIPISGN1400IMP17 | AL55: =CONCATENATE(A55,D55,F55,K55,N55,Q55,R55,AB55,T55,AG55,U55,V55,AE55,B55) -> 46538GN1400Operador de Trator de PneuJOAO VITOR TONETO SILVACOMBATE A FORMIGA PÓS PLANTIO MECANIZADO- 3 a 5kg/ha isca granulada ou MIPISUniao - Retiro Santa Maria I16Principal21,13Julho-2651546196,401168981546195 | AM55: =IFERROR(V55/W55,"") -> 39.473684 | AN55: =IFERROR(AM55*Z55,"") -> 6279.8684 | AO55: =Z55*T55 -> 3361.5717 | AP55: =IFERROR(AO55-AN55,"") -> -2918.2967
A56: 46538 | B56: 46195 | C56: 1°- 07/2026 | D56: GN1400 | E56: Arauco - Silvicultura | F56: Operador de Trator de Pneu | G56: 10 | H56: 10859 | I56: RENATO DE SOUZA PEREIRA | J56: 11034 | K56: JOAO VITOR TONETO SILVA | L56: JOAO VITOR TONETO SILVA | M56: IMP17 | N56: COMBATE A FORMIGA PÓS PLANTIO MECANIZADO- 3 a 5kg/ha isca granulada ou MIPIS | O56: HA | P56: 458 | Q56: Uniao - Retiro Santa Maria I | R56: 15 | S56: 10 | T56: 20.26 | U56: 5 | V56: 15 | W56: 0.38 | X56: 0.49 | Y56: 0.74 | Z56: 159.09 | AA56: CONCLUIDO | AB56: Principal | AC56: João Vitor Toneto Silva | AD56: Lucas Barbosa Ramos | AE56: 46196.401 | AG56: =IF(B56=0,"",PROPER(TEXT(IF(DAY(B56)>20,EDATE(B56,1),B56),"MMMM-aa"))) -> Julho-26 | AH56: =_xlfn.XLOOKUP(AK56,'Base de Preços'!P$7:P$3001,'Base de Preços'!J$7:J$3001,"",0) -> 193.73 | AI56: =IF(AB56="Principal",AH56*T56,0) -> 3924.9698 | AJ56: =_xlfn.XLOOKUP(N56,Agrupamentos!C$3:C$496,Agrupamentos!D$3:D$496,"",0) -> COMBATE A FORMIGA MECANIZADO | AK56: =N56&D56&M56 -> COMBATE A FORMIGA PÓS PLANTIO MECANIZADO- 3 a 5kg/ha isca granulada ou MIPISGN1400IMP17 | AL56: =CONCATENATE(A56,D56,F56,K56,N56,Q56,R56,AB56,T56,AG56,U56,V56,AE56,B56) -> 46538GN1400Operador de Trator de PneuJOAO VITOR TONETO SILVACOMBATE A FORMIGA PÓS PLANTIO MECANIZADO- 3 a 5kg/ha isca granulada ou MIPISUniao - Retiro Santa Maria I15Principal20,26Julho-2651546196,401168981546195 | AM56: =IFERROR(V56/W56,"") -> 39.473684 | AN56: =IFERROR(AM56*Z56,"") -> 6279.8684 | AO56: =Z56*T56 -> 3223.1634 | AP56: =IFERROR(AO56-AN56,"") -> -3056.705
A57: 46538 | B57: 46195 | C57: 1°- 07/2026 | D57: GN1400 | E57: Arauco - Silvicultura | F57: Operador de Trator de Pneu | G57: 10 | H57: 10859 | I57: RENATO DE SOUZA PEREIRA | J57: 11034 | K57: JOAO VITOR TONETO SILVA | L57: JOAO VITOR TONETO SILVA | M57: IMP17 | N57: COMBATE A FORMIGA PÓS PLANTIO MECANIZADO- 3 a 5kg/ha isca granulada ou MIPIS | O57: HA | P57: 458 | Q57: Uniao - Retiro Santa Maria I | R57: 14 | S57: 8 | T57: 20 | U57: 12 | V57: 20 | W57: 0.38 | X57: 0.4 | Y57: 1 | Z57: 159.09 | AA57: EM ANDAMENTO | AB57: Principal | AC57: João Vitor Toneto Silva | AE57: 46196.401 | AG57: =IF(B57=0,"",PROPER(TEXT(IF(DAY(B57)>20,EDATE(B57,1),B57),"MMMM-aa"))) -> Julho-26 | AH57: =_xlfn.XLOOKUP(AK57,'Base de Preços'!P$7:P$3001,'Base de Preços'!J$7:J$3001,"",0) -> 193.73 | AI57: =IF(AB57="Principal",AH57*T57,0) -> 3874.6 | AJ57: =_xlfn.XLOOKUP(N57,Agrupamentos!C$3:C$496,Agrupamentos!D$3:D$496,"",0) -> COMBATE A FORMIGA MECANIZADO | AK57: =N57&D57&M57 -> COMBATE A FORMIGA PÓS PLANTIO MECANIZADO- 3 a 5kg/ha isca granulada ou MIPISGN1400IMP17 | AL57: =CONCATENATE(A57,D57,F57,K57,N57,Q57,R57,AB57,T57,AG57,U57,V57,AE57,B57) -> 46538GN1400Operador de Trator de PneuJOAO VITOR TONETO SILVACOMBATE A FORMIGA PÓS PLANTIO MECANIZADO- 3 a 5kg/ha isca granulada ou MIPISUniao - Retiro Santa Maria I14Principal20Julho-26122046196,401168981546195 | AM57: =IFERROR(V57/W57,"") -> 52.631579 | AN57: =IFERROR(AM57*Z57,"") -> 8373.1579 | AO57: =Z57*T57 -> 3181.8 | AP57: =IFERROR(AO57-AN57,"") -> -5191.3579
A58: 46538 | B58: 46195 | C58: 1°- 07/2026 | D58: GN1400 | E58: Arauco - Silvicultura | F58: Trabalhador Florestal | G58: 10 | H58: 10859 | I58: RENATO DE SOUZA PEREIRA | J58: 11034 | K58: JOAO VITOR TONETO SILVA | L58: JOAO VITOR TONETO SILVA | M58: 43 | N58: APOIO E MANUTEÇÃO | O58: HA | P58: 458 | Q58: Uniao - Retiro Santa Maria I | R58: 15 | S58: 10 | T58: 0 | U58: 0 | V58: 10 | W58: 0 | X58: 0 | Y58: 0 | Z58: 0 | AA58: EM ANDAMENTO | AB58: Suporte | AC58: João Vitor Toneto Silva | AE58: 46196.401 | AG58: =IF(B58=0,"",PROPER(TEXT(IF(DAY(B58)>20,EDATE(B58,1),B58),"MMMM-aa"))) -> Julho-26 | AH58: =_xlfn.XLOOKUP(AK58,'Base de Preços'!P$7:P$3001,'Base de Preços'!J$7:J$3001,"",0) -> 0 | AI58: =IF(AB58="Principal",AH58*T58,0) -> 0 | AJ58: =_xlfn.XLOOKUP(N58,Agrupamentos!C$3:C$496,Agrupamentos!D$3:D$496,"",0) -> APOIO E MANUTENÇÃO | AK58: =N58&D58&M58 -> APOIO E MANUTEÇÃOGN140043 | AL58: =CONCATENATE(A58,D58,F58,K58,N58,Q58,R58,AB58,T58,AG58,U58,V58,AE58,B58) -> 46538GN1400Trabalhador FlorestalJOAO VITOR TONETO SILVAAPOIO E MANUTEÇÃOUniao - Retiro Santa Maria I15Suporte0Julho-2601046196,401168981546195 | AM58: =IFERROR(V58/W58,"") | AN58: =IFERROR(AM58*Z58,"") | AO58: =Z58*T58 -> 0 | AP58: =IFERROR(AO58-AN58,"")
A59: 47805 | B59: 46195 | C59: 1°- 07/2026 | D59: GN1400 | E59: Arauco - Silvicultura | F59: Motorista | G59: 8 | H59: 10859 | I59: RENATO DE SOUZA PEREIRA | J59: 11772 | K59: ALCIMAR CONCEIÇAO DOS SANTOS | L59: ALCIMAR CONCEIÇAO DOS SANTOS | M59: 43 | N59: APOIO E MANUTEÇÃO | O59: HA | P59: 853 | Q59: SANTA MARIA MATOS | R59: 15 | S59: 8 | T59: 0 | U59: 0 | V59: 8 | W59: 0 | X59: 0 | Y59: 0 | Z59: 0 | AA59: EM ANDAMENTO | AB59: Principal | AC59: Alcimar Conceição dos Santos | AD59: Alcimar Conceição dos Santos | AE59: 46220.734 | AG59: =IF(B59=0,"",PROPER(TEXT(IF(DAY(B59)>20,EDATE(B59,1),B59),"MMMM-aa"))) -> Julho-26 | AH59: =_xlfn.XLOOKUP(AK59,'Base de Preços'!P$7:P$3001,'Base de Preços'!J$7:J$3001,"",0) -> 0 | AI59: =IF(AB59="Principal",AH59*T59,0) -> 0 | AJ59: =_xlfn.XLOOKUP(N59,Agrupamentos!C$3:C$496,Agrupamentos!D$3:D$496,"",0) -> APOIO E MANUTENÇÃO | AK59: =N59&D59&M59 -> APOIO E MANUTEÇÃOGN140043 | AL59: =CONCATENATE(A59,D59,F59,K59,N59,Q59,R59,AB59,T59,AG59,U59,V59,AE59,B59) -> 47805GN1400MotoristaALCIMAR CONCEIÇAO DOS SANTOSAPOIO E MANUTEÇÃOSANTA MARIA MATOS15Principal0Julho-260846220,734293981546195 | AM59: =IFERROR(V59/W59,"") | AN59: =IFERROR(AM59*Z59,"") | AO59: =Z59*T59 -> 0 | AP59: =IFERROR(AO59-AN59,"")
A60: 46480 | B60: 46195 | C60: 1°- 07/2026 | D60: GN1410 | E60: MS Florestal - Silvicultura | F60: Mecânico | G60: 8 | H60: 11331 | I60: JOSE VITOR MORAES SANTOS | J60: 11362 | K60: GABRIEL GONCALVES PINHEIRO | L60: GABRIEL GONCALVES PINHEIRO | M60: 1 | N60: APOIO E MANUTEÇÃO 1410 | O60: HA | P60: 537 | Q60: GALILÉIA | R60: 001-01 | S60: 0 | T60: 0 | U60: 8 | V60: 8 | W60: 0 | X60: 0 | Y60: 0 | Z60: 0 | AA60: CONCLUIDO | AB60: Apoio | AC60: Gabriel Gonçalves pinheiro | AE60: 46195.72 | AF60: rendimento de hoje foi para 4 máquinas, pois uma está em manutenção aguardando serviço de solda | AG60: =IF(B60=0,"",PROPER(TEXT(IF(DAY(B60)>20,EDATE(B60,1),B60),"MMMM-aa"))) -> Julho-26 | AH60: =_xlfn.XLOOKUP(AK60,'Base de Preços'!P$7:P$3001,'Base de Preços'!J$7:J$3001,"",0) -> 0 | AI60: =IF(AB60="Principal",AH60*T60,0) -> 0 | AJ60: =_xlfn.XLOOKUP(N60,Agrupamentos!C$3:C$496,Agrupamentos!D$3:D$496,"",0) -> APOIO E MANUTENÇÃO | AK60: =N60&D60&M60 -> APOIO E MANUTEÇÃO 1410GN14101 | AL60: =CONCATENATE(A60,D60,F60,K60,N60,Q60,R60,AB60,T60,AG60,U60,V60,AE60,B60) -> 46480GN1410MecânicoGABRIEL GONCALVES PINHEIROAPOIO E MANUTEÇÃO 1410GALILÉIA001-01Apoio0Julho-268846195,720381944446195 | AM60: =IFERROR(V60/W60,"") | AN60: =IFERROR(AM60*Z60,"") | AO60: =Z60*T60 -> 0 | AP60: =IFERROR(AO60-AN60,"")
A61: 46480 | B61: 46195 | C61: 1°- 07/2026 | D61: GN1410 | E61: MS Florestal - Silvicultura | F61: Operador de Trator de Pneu | G61: 8 | H61: 11331 | I61: JOSE VITOR MORAES SANTOS | J61: 11362 | K61: GABRIEL GONCALVES PINHEIRO | L61: GABRIEL GONCALVES PINHEIRO | M61: IMP96 | N61: SERV CAP QUIM MEC BARRA AGRIC | O61: HA | P61: 537 | Q61: GALILÉIA | R61: 003-01 | S61: 7 | T61: 10.25 | U61: 0 | V61: 7 | W61: 0.68 | X61: 0.68 | Y61: 0.68 | Z61: 221.69 | AA61: EM ANDAMENTO | AB61: Principal | AC61: Gabriel Gonçalves pinheiro | AE61: 46195.72 | AF61: rendimento de hoje foi para 4 máquinas, pois uma está em manutenção aguardando serviço de solda | AG61: =IF(B61=0,"",PROPER(TEXT(IF(DAY(B61)>20,EDATE(B61,1),B61),"MMMM-aa"))) -> Julho-26 | AH61: =_xlfn.XLOOKUP(AK61,'Base de Preços'!P$7:P$3001,'Base de Preços'!J$7:J$3001,"",0) -> 343.68 | AI61: =IF(AB61="Principal",AH61*T61,0) -> 3522.72 | AJ61: =_xlfn.XLOOKUP(N61,Agrupamentos!C$3:C$496,Agrupamentos!D$3:D$496,"",0) -> HERBICIDA MEC | AK61: =N61&D61&M61 -> SERV CAP QUIM MEC BARRA AGRICGN1410IMP96 | AL61: =CONCATENATE(A61,D61,F61,K61,N61,Q61,R61,AB61,T61,AG61,U61,V61,AE61,B61) -> 46480GN1410Operador de Trator de PneuGABRIEL GONCALVES PINHEIROSERV CAP QUIM MEC BARRA AGRICGALILÉIA003-01Principal10,25Julho-260746195,720381944446195 | AM61: =IFERROR(V61/W61,"") -> 10.294118 | AN61: =IFERROR(AM61*Z61,"") -> 2282.1029 | AO61: =Z61*T61 -> 2272.3225 | AP61: =IFERROR(AO61-AN61,"") -> -9.7804412
A62: 46480 | B62: 46195 | C62: 1°- 07/2026 | D62: GN1410 | E62: MS Florestal - Silvicultura | F62: Operador de Trator de Pneu | G62: 8 | H62: 11331 | I62: JOSE VITOR MORAES SANTOS | J62: 11362 | K62: GABRIEL GONCALVES PINHEIRO | L62: GABRIEL GONCALVES PINHEIRO | M62: IMP96 | N62: SERV CAP QUIM MEC BARRA AGRIC | O62: HA | P62: 537 | Q62: GALILÉIA | R62: 001-01 | S62: 9 | T62: 14.91 | U62: 15 | V62: 24 | W62: 0.68 | X62: 0.6 | Y62: 1.61 | Z62: 221.69 | AA62: CONCLUIDO | AB62: Principal | AC62: Gabriel Gonçalves pinheiro | AD62: Cilas Andrei da Silva Serrado | AE62: 46195.72 | AF62: rendimento de hoje foi para 4 máquinas, pois uma está em manutenção aguardando serviço de solda | AG62: =IF(B62=0,"",PROPER(TEXT(IF(DAY(B62)>20,EDATE(B62,1),B62),"MMMM-aa"))) -> Julho-26 | AH62: =_xlfn.XLOOKUP(AK62,'Base de Preços'!P$7:P$3001,'Base de Preços'!J$7:J$3001,"",0) -> 343.68 | AI62: =IF(AB62="Principal",AH62*T62,0) -> 5124.2688 | AJ62: =_xlfn.XLOOKUP(N62,Agrupamentos!C$3:C$496,Agrupamentos!D$3:D$496,"",0) -> HERBICIDA MEC | AK62: =N62&D62&M62 -> SERV CAP QUIM MEC BARRA AGRICGN1410IMP96 | AL62: =CONCATENATE(A62,D62,F62,K62,N62,Q62,R62,AB62,T62,AG62,U62,V62,AE62,B62) -> 46480GN1410Operador de Trator de PneuGABRIEL GONCALVES PINHEIROSERV CAP QUIM MEC BARRA AGRICGALILÉIA001-01Principal14,91Julho-26152446195,720381944446195 | AM62: =IFERROR(V62/W62,"") -> 35.294118 | AN62: =IFERROR(AM62*Z62,"") -> 7824.3529 | AO62: =Z62*T62 -> 3305.3979 | AP62: =IFERROR(AO62-AN62,"") -> -4518.955
A63: 46480 | B63: 46195 | C63: 1°- 07/2026 | D63: GN1410 | E63: MS Florestal - Silvicultura | F63: Operador de Trator de Pneu | G63: 8 | H63: 11331 | I63: JOSE VITOR MORAES SANTOS | J63: 11362 | K63: GABRIEL GONCALVES PINHEIRO | L63: GABRIEL GONCALVES PINHEIRO | M63: IMP96 | N63: SERV CAP QUIM MEC BARRA AGRIC | O63: HA | P63: 537 | Q63: GALILÉIA | R63: 002-01 | S63: 9 | T63: 14.4 | U63: 0 | V63: 9 | W63: 0.68 | X63: 0.63 | Y63: 0.63 | Z63: 221.69 | AA63: CONCLUIDO | AB63: Principal | AC63: Gabriel Gonçalves pinheiro | AD63: Cilas Andrei da Silva Serrado | AE63: 46195.72 | AF63: rendimento de hoje foi para 4 máquinas, pois uma está em manutenção aguardando serviço de solda | AG63: =IF(B63=0,"",PROPER(TEXT(IF(DAY(B63)>20,EDATE(B63,1),B63),"MMMM-aa"))) -> Julho-26 | AH63: =_xlfn.XLOOKUP(AK63,'Base de Preços'!P$7:P$3001,'Base de Preços'!J$7:J$3001,"",0) -> 343.68 | AI63: =IF(AB63="Principal",AH63*T63,0) -> 4948.992 | AJ63: =_xlfn.XLOOKUP(N63,Agrupamentos!C$3:C$496,Agrupamentos!D$3:D$496,"",0) -> HERBICIDA MEC | AK63: =N63&D63&M63 -> SERV CAP QUIM MEC BARRA AGRICGN1410IMP96 | AL63: =CONCATENATE(A63,D63,F63,K63,N63,Q63,R63,AB63,T63,AG63,U63,V63,AE63,B63) -> 46480GN1410Operador de Trator de PneuGABRIEL GONCALVES PINHEIROSERV CAP QUIM MEC BARRA AGRICGALILÉIA002-01Principal14,4Julho-260946195,720381944446195 | AM63: =IFERROR(V63/W63,"") -> 13.235294 | AN63: =IFERROR(AM63*Z63,"") -> 2934.1324 | AO63: =Z63*T63 -> 3192.336 | AP63: =IFERROR(AO63-AN63,"") -> 258.20365
A64: 46480 | B64: 46195 | C64: 1°- 07/2026 | D64: GN1410 | E64: MS Florestal - Silvicultura | F64: Trabalhador Florestal | G64: 8 | H64: 11331 | I64: JOSE VITOR MORAES SANTOS | J64: 11362 | K64: GABRIEL GONCALVES PINHEIRO | L64: GABRIEL GONCALVES PINHEIRO | M64: IMP96 | N64: SERV CAP QUIM MEC BARRA AGRIC | O64: HA | P64: 537 | Q64: GALILÉIA | R64: 001-01 | S64: 8 | T64: 14.91 | U64: 0 | V64: 8 | W64: 0.23 | X64: 0.54 | Y64: 0.54 | Z64: 26.68 | AA64: CONCLUIDO | AB64: Suporte | AC64: Gabriel Gonçalves pinheiro | AE64: 46195.72 | AF64: rendimento de hoje foi para 4 máquinas, pois uma está em manutenção aguardando serviço de solda | AG64: =IF(B64=0,"",PROPER(TEXT(IF(DAY(B64)>20,EDATE(B64,1),B64),"MMMM-aa"))) -> Julho-26 | AH64: =_xlfn.XLOOKUP(AK64,'Base de Preços'!P$7:P$3001,'Base de Preços'!J$7:J$3001,"",0) -> 343.68 | AI64: =IF(AB64="Principal",AH64*T64,0) -> 0 | AJ64: =_xlfn.XLOOKUP(N64,Agrupamentos!C$3:C$496,Agrupamentos!D$3:D$496,"",0) -> HERBICIDA MEC | AK64: =N64&D64&M64 -> SERV CAP QUIM MEC BARRA AGRICGN1410IMP96 | AL64: =CONCATENATE(A64,D64,F64,K64,N64,Q64,R64,AB64,T64,AG64,U64,V64,AE64,B64) -> 46480GN1410Trabalhador FlorestalGABRIEL GONCALVES PINHEIROSERV CAP QUIM MEC BARRA AGRICGALILÉIA001-01Suporte14,91Julho-260846195,720381944446195 | AM64: =IFERROR(V64/W64,"") -> 34.782609 | AN64: =IFERROR(AM64*Z64,"") -> 928 | AO64: =Z64*T64 -> 397.7988 | AP64: =IFERROR(AO64-AN64,"") -> -530.2012
A65: 46494 | B65: 46195 | C65: 1°- 07/2026 | D65: GN1410 | E65: MS Florestal - Silvicultura | F65: Operador de Trator de Pneu | G65: 8 | H65: 11331 | I65: JOSE VITOR MORAES SANTOS | J65: 11752 | K65: MATEUS SANCHES PERES BIENIEK | L65: MATEUS SANCHES PERES BIENIEK | M65: 5913 | N65: SERV CAP QUIM LAMINA PRE EMERG AGRIC | O65: HA | P65: 503 | Q65: MÃE SANTA GLEBA A | R65: 007-01 | S65: 16 | T65: 10 | U65: 8 | V65: 24 | W65: 0.76 | X65: 1.6 | Y65: 2.4 | Z65: 307.3 | AA65: EM ANDAMENTO | AB65: Principal | AC65: Mateus Sanches Peres Bieniek | AD65: Vanessa Maria da Silva | AE65: 46195.843 | AG65: =IF(B65=0,"",PROPER(TEXT(IF(DAY(B65)>20,EDATE(B65,1),B65),"MMMM-aa"))) -> Julho-26 | AH65: =_xlfn.XLOOKUP(AK65,'Base de Preços'!P$7:P$3001,'Base de Preços'!J$7:J$3001,"",0) -> 414.6 | AI65: =IF(AB65="Principal",AH65*T65,0) -> 4146 | AJ65: =_xlfn.XLOOKUP(N65,Agrupamentos!C$3:C$496,Agrupamentos!D$3:D$496,"",0) -> HERBICIDA MEC | AK65: =N65&D65&M65 -> SERV CAP QUIM LAMINA PRE EMERG AGRICGN14105913 | AL65: =CONCATENATE(A65,D65,F65,K65,N65,Q65,R65,AB65,T65,AG65,U65,V65,AE65,B65) -> 46494GN1410Operador de Trator de PneuMATEUS SANCHES PERES BIENIEKSERV CAP QUIM LAMINA PRE EMERG AGRICMÃE SANTA GLEBA A007-01Principal10Julho-2682446195,842951388946195 | AM65: =IFERROR(V65/W65,"") -> 31.578947 | AN65: =IFERROR(AM65*Z65,"") -> 9704.2105 | AO65: =Z65*T65 -> 3073 | AP65: =IFERROR(AO65-AN65,"") -> -6631.2105
A66: 46494 | B66: 46195 | C66: 1°- 07/2026 | D66: GN1410 | E66: MS Florestal - Silvicultura | F66: Operador de Trator de Pneu | G66: 8 | H66: 11331 | I66: JOSE VITOR MORAES SANTOS | J66: 11752 | K66: MATEUS SANCHES PERES BIENIEK | L66: MATEUS SANCHES PERES BIENIEK | M66: IMP96 | N66: SERV CAP QUIM MEC BARRA AGRIC | O66: HA | P66: 484 | Q66: SÃO PEDRO III | R66: T001-01 | S66: 16 | T66: 20 | U66: 4 | V66: 20 | W66: 0.68 | X66: 0.8 | Y66: 1 | Z66: 221.69 | AA66: EM ANDAMENTO | AB66: Principal | AC66: Mateus Sanches Peres Bieniek | AD66: Vanessa Maria da Silva | AE66: 46195.843 | AG66: =IF(B66=0,"",PROPER(TEXT(IF(DAY(B66)>20,EDATE(B66,1),B66),"MMMM-aa"))) -> Julho-26 | AH66: =_xlfn.XLOOKUP(AK66,'Base de Preços'!P$7:P$3001,'Base de Preços'!J$7:J$3001,"",0) -> 343.68 | AI66: =IF(AB66="Principal",AH66*T66,0) -> 6873.6 | AJ66: =_xlfn.XLOOKUP(N66,Agrupamentos!C$3:C$496,Agrupamentos!D$3:D$496,"",0) -> HERBICIDA MEC | AK66: =N66&D66&M66 -> SERV CAP QUIM MEC BARRA AGRICGN1410IMP96 | AL66: =CONCATENATE(A66,D66,F66,K66,N66,Q66,R66,AB66,T66,AG66,U66,V66,AE66,B66) -> 46494GN1410Operador de Trator de PneuMATEUS SANCHES PERES BIENIEKSERV CAP QUIM MEC BARRA AGRICSÃO PEDRO IIIT001-01Principal20Julho-2642046195,842951388946195 | AM66: =IFERROR(V66/W66,"") -> 29.411765 | AN66: =IFERROR(AM66*Z66,"") -> 6520.2941 | AO66: =Z66*T66 -> 4433.8 | AP66: =IFERROR(AO66-AN66,"") -> -2086.4941
A67: 46494 | B67: 46195 | C67: 1°- 07/2026 | D67: GN1410 | E67: MS Florestal - Silvicultura | F67: Trabalhador Florestal | G67: 8 | H67: 11331 | I67: JOSE VITOR MORAES SANTOS | J67: 11752 | K67: MATEUS SANCHES PERES BIENIEK | L67: MATEUS SANCHES PERES BIENIEK | M67: IMP96 | N67: SERV CAP QUIM MEC BARRA AGRIC | O67: HA | P67: 484 | Q67: SÃO PEDRO III | R67: T001-01 | S67: 16 | T67: 20 | U67: 0 | V67: 16 | W67: 0.23 | X67: 0.8 | Y67: 0.8 | Z67: 26.68 | AA67: EM ANDAMENTO | AB67: Suporte | AC67: Mateus Sanches Peres Bieniek | AD67: Vanessa Maria da Silva | AE67: 46195.843 | AG67: =IF(B67=0,"",PROPER(TEXT(IF(DAY(B67)>20,EDATE(B67,1),B67),"MMMM-aa"))) -> Julho-26 | AH67: =_xlfn.XLOOKUP(AK67,'Base de Preços'!P$7:P$3001,'Base de Preços'!J$7:J$3001,"",0) -> 343.68 | AI67: =IF(AB67="Principal",AH67*T67,0) -> 0 | AJ67: =_xlfn.XLOOKUP(N67,Agrupamentos!C$3:C$496,Agrupamentos!D$3:D$496,"",0) -> HERBICIDA MEC | AK67: =N67&D67&M67 -> SERV CAP QUIM MEC BARRA AGRICGN1410IMP96 | AL67: =CONCATENATE(A67,D67,F67,K67,N67,Q67,R67,AB67,T67,AG67,U67,V67,AE67,B67) -> 46494GN1410Trabalhador FlorestalMATEUS SANCHES PERES BIENIEKSERV CAP QUIM MEC BARRA AGRICSÃO PEDRO IIIT001-01Suporte20Julho-2601646195,842951388946195 | AM67: =IFERROR(V67/W67,"") -> 69.565217 | AN67: =IFERROR(AM67*Z67,"") -> 1856 | AO67: =Z67*T67 -> 533.6 | AP67: =IFERROR(AO67-AN67,"") -> -1322.4
A68: 46494 | B68: 46195 | C68: 1°- 07/2026 | D68: GN1410 | E68: MS Florestal - Silvicultura | F68: Motorista de Caminhão Pipa | G68: 8 | H68: 11331 | I68: JOSE VITOR MORAES SANTOS | J68: 11752 | K68: MATEUS SANCHES PERES BIENIEK | L68: MATEUS SANCHES PERES BIENIEK | M68: IMP96 | N68: SERV CAP QUIM MEC BARRA AGRIC | O68: HA | P68: 484 | Q68: SÃO PEDRO III | R68: T001-01 | S68: 8 | T68: 20 | U68: 0 | V68: 8 | W68: 0.23 | X68: 0.4 | Y68: 0.4 | Z68: 95.31 | AA68: EM ANDAMENTO | AB68: Suporte | AC68: Mateus Sanches Peres Bieniek | AE68: 46195.843 | AG68: =IF(B68=0,"",PROPER(TEXT(IF(DAY(B68)>20,EDATE(B68,1),B68),"MMMM-aa"))) -> Julho-26 | AH68: =_xlfn.XLOOKUP(AK68,'Base de Preços'!P$7:P$3001,'Base de Preços'!J$7:J$3001,"",0) -> 343.68 | AI68: =IF(AB68="Principal",AH68*T68,0) -> 0 | AJ68: =_xlfn.XLOOKUP(N68,Agrupamentos!C$3:C$496,Agrupamentos!D$3:D$496,"",0) -> HERBICIDA MEC | AK68: =N68&D68&M68 -> SERV CAP QUIM MEC BARRA AGRICGN1410IMP96 | AL68: =CONCATENATE(A68,D68,F68,K68,N68,Q68,R68,AB68,T68,AG68,U68,V68,AE68,B68) -> 46494GN1410Motorista de Caminhão PipaMATEUS SANCHES PERES BIENIEKSERV CAP QUIM MEC BARRA AGRICSÃO PEDRO IIIT001-01Suporte20Julho-260846195,842951388946195 | AM68: =IFERROR(V68/W68,"") -> 34.782609 | AN68: =IFERROR(AM68*Z68,"") -> 3315.1304 | AO68: =Z68*T68 -> 1906.2 | AP68: =IFERROR(AO68-AN68,"") -> -1408.9304
A69: 46504 | B69: 46195 | C69: 1°- 07/2026 | D69: GN1410 | E69: MS Florestal - Silvicultura | F69: Trabalhador Florestal | G69: 8 | H69: 11065 | I69: LUCAS SANTOS MORAIS | J69: 11390 | K69: DIEMISSON DE ALMEIDA SANTOS | L69: DIEMISSON DE ALMEIDA SANTOS | M69: 87 | N69: ROCADA MANUAL MEDIA | O69: HA | P69: 503 | Q69: MÃE SANTA GLEBA A | R69: 016-01 | S69: 184 | T69: 57.64 | U69: 0 | V69: 184 | W69: 7.5 | X69: 3.19 | Y69: 3.19 | Z69: 577.65 | AA69: CONCLUIDO | AB69: Principal | AC69: Diemisson De Almeida Santos | AE69: 46195.929 | AF69: A caminhonete não foi para campo | AG69: =IF(B69=0,"",PROPER(TEXT(IF(DAY(B69)>20,EDATE(B69,1),B69),"MMMM-aa"))) -> Julho-26 | AH69: =_xlfn.XLOOKUP(AK69,'Base de Preços'!P$7:P$3001,'Base de Preços'!J$7:J$3001,"",0) -> 577.65 | AI69: =IF(AB69="Principal",AH69*T69,0) -> 33295.746 | AJ69: =_xlfn.XLOOKUP(N69,Agrupamentos!C$3:C$496,Agrupamentos!D$3:D$496,"",0) -> ROCADA MANUAL MEDIA | AK69: =N69&D69&M69 -> ROCADA MANUAL MEDIAGN141087 | AL69: =CONCATENATE(A69,D69,F69,K69,N69,Q69,R69,AB69,T69,AG69,U69,V69,AE69,B69) -> 46504GN1410Trabalhador FlorestalDIEMISSON DE ALMEIDA SANTOSROCADA MANUAL MEDIAMÃE SANTA GLEBA A016-01Principal57,64Julho-26018446195,929247685246195 | AM69: =IFERROR(V69/W69,"") -> 24.533333 | AN69: =IFERROR(AM69*Z69,"") -> 14171.68 | AO69: =Z69*T69 -> 33295.746 | AP69: =IFERROR(AO69-AN69,"") -> 19124.066
A70: 46504 | B70: 46195 | C70: 1°- 07/2026 | D70: GN1410 | E70: MS Florestal - Silvicultura | F70: Motorista | G70: 8 | H70: 11065 | I70: LUCAS SANTOS MORAIS | J70: 11390 | K70: DIEMISSON DE ALMEIDA SANTOS | L70: DIEMISSON DE ALMEIDA SANTOS | M70: 1 | N70: APOIO E MANUTEÇÃO 1410 | O70: HA | P70: 503 | Q70: MÃE SANTA GLEBA A | R70: 016-01 | S70: 16 | T70: 0 | U70: 0 | V70: 16 | W70: 0 | X70: 0 | Y70: 0 | Z70: 0 | AA70: CONCLUIDO | AB70: Principal | AC70: Diemisson De Almeida Santos | AD70: Vanessa Maria da Silva | AE70: 46195.929 | AF70: A caminhonete não foi para campo | AG70: =IF(B70=0,"",PROPER(TEXT(IF(DAY(B70)>20,EDATE(B70,1),B70),"MMMM-aa"))) -> Julho-26 | AH70: =_xlfn.XLOOKUP(AK70,'Base de Preços'!P$7:P$3001,'Base de Preços'!J$7:J$3001,"",0) -> 0 | AI70: =IF(AB70="Principal",AH70*T70,0) -> 0 | AJ70: =_xlfn.XLOOKUP(N70,Agrupamentos!C$3:C$496,Agrupamentos!D$3:D$496,"",0) -> APOIO E MANUTENÇÃO | AK70: =N70&D70&M70 -> APOIO E MANUTEÇÃO 1410GN14101 | AL70: =CONCATENATE(A70,D70,F70,K70,N70,Q70,R70,AB70,T70,AG70,U70,V70,AE70,B70) -> 46504GN1410MotoristaDIEMISSON DE ALMEIDA SANTOSAPOIO E MANUTEÇÃO 1410MÃE SANTA GLEBA A016-01Principal0Julho-2601646195,929247685246195 | AM70: =IFERROR(V70/W70,"") | AN70: =IFERROR(AM70*Z70,"") | AO70: =Z70*T70 -> 0 | AP70: =IFERROR(AO70-AN70,"")
A71: 46512 | B71: 46195 | C71: 1°- 07/2026 | D71: GN1410 | E71: MS Florestal - Silvicultura | F71: Trabalhador Florestal | G71: 8 | H71: 11065 | I71: LUCAS SANTOS MORAIS | J71: 11392 | K71: DOUGLAS BOTELHO GOMES | L71: DOUGLAS BOTELHO GOMES | M71: 298 | N71: SERV GERAIS LAVOURA AGRIC | O71: DIA | P71: 503 | Q71: MÃE SANTA GLEBA A | R71: 010-01 | S71: 16 | T71: 2 | U71: 0 | V71: 16 | W71: 0 | X71: 8 | Y71: 8 | Z71: 589.29 | AA71: CONCLUIDO | AB71: Principal | AC71: Douglas Botelho Gomes | AE71: 46196.263 | AG71: =IF(B71=0,"",PROPER(TEXT(IF(DAY(B71)>20,EDATE(B71,1),B71),"MMMM-aa"))) -> Julho-26 | AH71: =_xlfn.XLOOKUP(AK71,'Base de Preços'!P$7:P$3001,'Base de Preços'!J$7:J$3001,"",0) -> 589.29 | AI71: =IF(AB71="Principal",AH71*T71,0) -> 1178.58 | AJ71: =_xlfn.XLOOKUP(N71,Agrupamentos!C$3:C$496,Agrupamentos!D$3:D$496,"",0) -> DIARIAS HOMEM | AK71: =N71&D71&M71 -> SERV GERAIS LAVOURA AGRICGN1410298 | AL71: =CONCATENATE(A71,D71,F71,K71,N71,Q71,R71,AB71,T71,AG71,U71,V71,AE71,B71) -> 46512GN1410Trabalhador FlorestalDOUGLAS BOTELHO GOMESSERV GERAIS LAVOURA AGRICMÃE SANTA GLEBA A010-01Principal2Julho-2601646196,262685185246195 | AM71: =IFERROR(V71/W71,"") | AN71: =IFERROR(AM71*Z71,"") | AO71: =Z71*T71 -> 1178.58 | AP71: =IFERROR(AO71-AN71,"")
A72: 46512 | B72: 46195 | C72: 1°- 07/2026 | D72: GN1410 | E72: MS Florestal - Silvicultura | F72: Trabalhador Florestal | G72: 8 | H72: 11065 | I72: LUCAS SANTOS MORAIS | J72: 11392 | K72: DOUGLAS BOTELHO GOMES | L72: DOUGLAS BOTELHO GOMES | M72: 87 | N72: ROCADA MANUAL MEDIA | O72: HA | P72: 503 | Q72: MÃE SANTA GLEBA A | R72: 011-01 | S72: 112 | T72: 33 | U72: 64 | V72: 176 | W72: 7.5 | X72: 3.39 | Y72: 5.33 | Z72: 577.65 | AA72: EM ANDAMENTO | AB72: Principal | AC72: Douglas Botelho Gomes | AD72: Cilas Andrei da Silva Serrado | AE72: 46196.263 | AG72: =IF(B72=0,"",PROPER(TEXT(IF(DAY(B72)>20,EDATE(B72,1),B72),"MMMM-aa"))) -> Julho-26 | AH72: =_xlfn.XLOOKUP(AK72,'Base de Preços'!P$7:P$3001,'Base de Preços'!J$7:J$3001,"",0) -> 577.65 | AI72: =IF(AB72="Principal",AH72*T72,0) -> 19062.45 | AJ72: =_xlfn.XLOOKUP(N72,Agrupamentos!C$3:C$496,Agrupamentos!D$3:D$496,"",0) -> ROCADA MANUAL MEDIA | AK72: =N72&D72&M72 -> ROCADA MANUAL MEDIAGN141087 | AL72: =CONCATENATE(A72,D72,F72,K72,N72,Q72,R72,AB72,T72,AG72,U72,V72,AE72,B72) -> 46512GN1410Trabalhador FlorestalDOUGLAS BOTELHO GOMESROCADA MANUAL MEDIAMÃE SANTA GLEBA A011-01Principal33Julho-266417646196,262685185246195 | AM72: =IFERROR(V72/W72,"") -> 23.466667 | AN72: =IFERROR(AM72*Z72,"") -> 13555.52 | AO72: =Z72*T72 -> 19062.45 | AP72: =IFERROR(AO72-AN72,"") -> 5506.93
A73: 46512 | B73: 46195 | C73: 1°- 07/2026 | D73: GN1410 | E73: MS Florestal - Silvicultura | F73: Trabalhador Florestal | G73: 8 | H73: 11065 | I73: LUCAS SANTOS MORAIS | J73: 11392 | K73: DOUGLAS BOTELHO GOMES | L73: DOUGLAS BOTELHO GOMES | M73: 298 | N73: SERV GERAIS LAVOURA AGRIC | O73: DIA | P73: 503 | Q73: MÃE SANTA GLEBA A | R73: 009-01 | S73: 16 | T73: 2 | U73: 0 | V73: 16 | W73: 0 | X73: 8 | Y73: 8 | Z73: 589.29 | AA73: CONCLUIDO | AB73: Principal | AC73: Douglas Botelho Gomes | AE73: 46196.263 | AG73: =IF(B73=0,"",PROPER(TEXT(IF(DAY(B73)>20,EDATE(B73,1),B73),"MMMM-aa"))) -> Julho-26 | AH73: =_xlfn.XLOOKUP(AK73,'Base de Preços'!P$7:P$3001,'Base de Preços'!J$7:J$3001,"",0) -> 589.29 | AI73: =IF(AB73="Principal",AH73*T73,0) -> 1178.58 | AJ73: =_xlfn.XLOOKUP(N73,Agrupamentos!C$3:C$496,Agrupamentos!D$3:D$496,"",0) -> DIARIAS HOMEM | AK73: =N73&D73&M73 -> SERV GERAIS LAVOURA AGRICGN1410298 | AL73: =CONCATENATE(A73,D73,F73,K73,N73,Q73,R73,AB73,T73,AG73,U73,V73,AE73,B73) -> 46512GN1410Trabalhador FlorestalDOUGLAS BOTELHO GOMESSERV GERAIS LAVOURA AGRICMÃE SANTA GLEBA A009-01Principal2Julho-2601646196,262685185246195 | AM73: =IFERROR(V73/W73,"") | AN73: =IFERROR(AM73*Z73,"") | AO73: =Z73*T73 -> 1178.58 | AP73: =IFERROR(AO73-AN73,"")
A74: 46512 | B74: 46195 | C74: 1°- 07/2026 | D74: GN1410 | E74: MS Florestal - Silvicultura | F74: Motorista | G74: 8 | H74: 11065 | I74: LUCAS SANTOS MORAIS | J74: 11392 | K74: DOUGLAS BOTELHO GOMES | L74: DOUGLAS BOTELHO GOMES | M74: 1 | N74: APOIO E MANUTEÇÃO 1410 | O74: HA | P74: 503 | Q74: MÃE SANTA GLEBA A | R74: 011-01 | S74: 24 | T74: 0 | U74: 8 | V74: 32 | W74: 0 | X74: 0 | Y74: 0 | Z74: 0 | AA74: CONCLUIDO | AB74: Principal | AC74: Douglas Botelho Gomes | AD74: Vanessa Maria da Silva | AE74: 46196.263 | AG74: =IF(B74=0,"",PROPER(TEXT(IF(DAY(B74)>20,EDATE(B74,1),B74),"MMMM-aa"))) -> Julho-26 | AH74: =_xlfn.XLOOKUP(AK74,'Base de Preços'!P$7:P$3001,'Base de Preços'!J$7:J$3001,"",0) -> 0 | AI74: =IF(AB74="Principal",AH74*T74,0) -> 0 | AJ74: =_xlfn.XLOOKUP(N74,Agrupamentos!C$3:C$496,Agrupamentos!D$3:D$496,"",0) -> APOIO E MANUTENÇÃO | AK74: =N74&D74&M74 -> APOIO E MANUTEÇÃO 1410GN14101 | AL74: =CONCATENATE(A74,D74,F74,K74,N74,Q74,R74,AB74,T74,AG74,U74,V74,AE74,B74) -> 46512GN1410MotoristaDOUGLAS BOTELHO GOMESAPOIO E MANUTEÇÃO 1410MÃE SANTA GLEBA A011-01Principal0Julho-2683246196,262685185246195 | AM74: =IFERROR(V74/W74,"") | AN74: =IFERROR(AM74*Z74,"") | AO74: =Z74*T74 -> 0 | AP74: =IFERROR(AO74-AN74,"")
A75: 46520 | B75: 46195 | C75: 1°- 07/2026 | D75: GN1410 | E75: MS Florestal - Silvicultura | F75: Operador de Trator de Pneu | G75: 8 | H75: 11065 | I75: LUCAS SANTOS MORAIS | J75: 11444E | K75: LEANDRA DE MIRANDA SOUZA COSTA | L75: ADMINISTRATIVO_1410 | M75: 1 | N75: APOIO E MANUTEÇÃO 1410 | O75: HA | P75: 543 | Q75: IPÊ | R75: 000-00 | S75: 0 | T75: 0 | U75: 32 | V75: 32 | W75: 0 | X75: 0 | Y75: 0 | Z75: 0 | AA75: EM ANDAMENTO | AB75: Suporte | AC75: Pedro Henrique Ortega | AD75: Vanessa Maria da Silva | AE75: 46196.355 | AG75: =IF(B75=0,"",PROPER(TEXT(IF(DAY(B75)>20,EDATE(B75,1),B75),"MMMM-aa"))) -> Julho-26 | AH75: =_xlfn.XLOOKUP(AK75,'Base de Preços'!P$7:P$3001,'Base de Preços'!J$7:J$3001,"",0) -> 0 | AI75: =IF(AB75="Principal",AH75*T75,0) -> 0 | AJ75: =_xlfn.XLOOKUP(N75,Agrupamentos!C$3:C$496,Agrupamentos!D$3:D$496,"",0) -> APOIO E MANUTENÇÃO | AK75: =N75&D75&M75 -> APOIO E MANUTEÇÃO 1410GN14101 | AL75: =CONCATENATE(A75,D75,F75,K75,N75,Q75,R75,AB75,T75,AG75,U75,V75,AE75,B75) -> 46520GN1410Operador de Trator de PneuLEANDRA DE MIRANDA SOUZA COSTAAPOIO E MANUTEÇÃO 1410IPÊ000-00Suporte0Julho-26323246196,355069444446195 | AM75: =IFERROR(V75/W75,"") | AN75: =IFERROR(AM75*Z75,"") | AO75: =Z75*T75 -> 0 | AP75: =IFERROR(AO75-AN75,"")
A76: 46520 | B76: 46195 | C76: 1°- 07/2026 | D76: GN1410 | E76: MS Florestal - Silvicultura | F76: Motorista | G76: 8 | H76: 11065 | I76: LUCAS SANTOS MORAIS | J76: 11444E | K76: LEANDRA DE MIRANDA SOUZA COSTA | L76: ADMINISTRATIVO_1410 | M76: 1 | N76: APOIO E MANUTEÇÃO 1410 | O76: HA | P76: 543 | Q76: IPÊ | R76: 000-00 | S76: 0 | T76: 0 | U76: 8 | V76: 8 | W76: 0 | X76: 0 | Y76: 0 | Z76: 0 | AA76: EM ANDAMENTO | AB76: Principal | AC76: Pedro Henrique Ortega | AD76: Vanessa Maria da Silva | AE76: 46196.52 | AG76: =IF(B76=0,"",PROPER(TEXT(IF(DAY(B76)>20,EDATE(B76,1),B76),"MMMM-aa"))) -> Julho-26 | AH76: =_xlfn.XLOOKUP(AK76,'Base de Preços'!P$7:P$3001,'Base de Preços'!J$7:J$3001,"",0) -> 0 | AI76: =IF(AB76="Principal",AH76*T76,0) -> 0 | AJ76: =_xlfn.XLOOKUP(N76,Agrupamentos!C$3:C$496,Agrupamentos!D$3:D$496,"",0) -> APOIO E MANUTENÇÃO | AK76: =N76&D76&M76 -> APOIO E MANUTEÇÃO 1410GN14101 | AL76: =CONCATENATE(A76,D76,F76,K76,N76,Q76,R76,AB76,T76,AG76,U76,V76,AE76,B76) -> 46520GN1410MotoristaLEANDRA DE MIRANDA SOUZA COSTAAPOIO E MANUTEÇÃO 1410IPÊ000-00Principal0Julho-268846196,5246195 | AM76: =IFERROR(V76/W76,"") | AN76: =IFERROR(AM76*Z76,"") | AO76: =Z76*T76 -> 0 | AP76: =IFERROR(AO76-AN76,"")
A77: 46529 | B77: 46195 | C77: 1°- 07/2026 | D77: GN1410 | E77: MS Florestal - Silvicultura | F77: Mecânico | G77: 8 | H77: 11065 | I77: LUCAS SANTOS MORAIS | J77: 11447 | K77: ANDREY NICOLLAS UCHOA DE OLIVEIRA | L77: Apoio e Manutenção GN1410 | M77: 1 | N77: APOIO E MANUTEÇÃO 1410 | O77: HA | P77: 390 | Q77: Pátio MS | R77: T01 | S77: 0 | T77: 0 | U77: 8 | V77: 8 | W77: 0 | X77: 0 | Y77: 0 | Z77: 0 | AA77: CONCLUIDO | AB77: Apoio | AC77: Andrey Nicollas Uchôa de Oliveira | AD77: Cilas Andrei da Silva Serrado | AE77: 46196.371 | AG77: =IF(B77=0,"",PROPER(TEXT(IF(DAY(B77)>20,EDATE(B77,1),B77),"MMMM-aa"))) -> Julho-26 | AH77: =_xlfn.XLOOKUP(AK77,'Base de Preços'!P$7:P$3001,'Base de Preços'!J$7:J$3001,"",0) -> 0 | AI77: =IF(AB77="Principal",AH77*T77,0) -> 0 | AJ77: =_xlfn.XLOOKUP(N77,Agrupamentos!C$3:C$496,Agrupamentos!D$3:D$496,"",0) -> APOIO E MANUTENÇÃO | AK77: =N77&D77&M77 -> APOIO E MANUTEÇÃO 1410GN14101 | AL77: =CONCATENATE(A77,D77,F77,K77,N77,Q77,R77,AB77,T77,AG77,U77,V77,AE77,B77) -> 46529GN1410MecânicoANDREY NICOLLAS UCHOA DE OLIVEIRAAPOIO E MANUTEÇÃO 1410Pátio MST01Apoio0Julho-268846196,370682870446195 | AM77: =IFERROR(V77/W77,"") | AN77: =IFERROR(AM77*Z77,"") | AO77: =Z77*T77 -> 0 | AP77: =IFERROR(AO77-AN77,"")
A78: 46545 | B78: 46195 | C78: 1°- 07/2026 | D78: GN1410 | E78: MS Florestal - Silvicultura | F78: Operador de Trator de Pneu | G78: 8 | H78: 11065 | I78: LUCAS SANTOS MORAIS | J78: 11078 | K78: NATAN SANTOS MORAIS | L78: NATAN SANTOS MORAIS | M78: 1 | N78: APOIO E MANUTEÇÃO 1410 | O78: HA | P78: 503 | Q78: MÃE SANTA GLEBA A | R78: 012-01 | S78: 0 | T78: 0 | U78: 16 | V78: 16 | W78: 0 | X78: 0 | Y78: 0 | Z78: 0 | AA78: EM ANDAMENTO | AB78: Suporte | AC78: Natan Santos Morais | AD78: Vanessa Maria da Silva | AE78: 46196.494 | AG78: =IF(B78=0,"",PROPER(TEXT(IF(DAY(B78)>20,EDATE(B78,1),B78),"MMMM-aa"))) -> Julho-26 | AH78: =_xlfn.XLOOKUP(AK78,'Base de Preços'!P$7:P$3001,'Base de Preços'!J$7:J$3001,"",0) -> 0 | AI78: =IF(AB78="Principal",AH78*T78,0) -> 0 | AJ78: =_xlfn.XLOOKUP(N78,Agrupamentos!C$3:C$496,Agrupamentos!D$3:D$496,"",0) -> APOIO E MANUTENÇÃO | AK78: =N78&D78&M78 -> APOIO E MANUTEÇÃO 1410GN14101 | AL78: =CONCATENATE(A78,D78,F78,K78,N78,Q78,R78,AB78,T78,AG78,U78,V78,AE78,B78) -> 46545GN1410Operador de Trator de PneuNATAN SANTOS MORAISAPOIO E MANUTEÇÃO 1410MÃE SANTA GLEBA A012-01Suporte0Julho-26161646196,493576388946195 | AM78: =IFERROR(V78/W78,"") | AN78: =IFERROR(AM78*Z78,"") | AO78: =Z78*T78 -> 0 | AP78: =IFERROR(AO78-AN78,"")
A79: 46545 | B79: 46195 | C79: 1°- 07/2026 | D79: GN1410 | E79: MS Florestal - Silvicultura | F79: Trabalhador Florestal | G79: 8 | H79: 11065 | I79: LUCAS SANTOS MORAIS | J79: 11078 | K79: NATAN SANTOS MORAIS | L79: NATAN SANTOS MORAIS | M79: 1 | N79: APOIO E MANUTEÇÃO 1410 | O79: HA | P79: 503 | Q79: MÃE SANTA GLEBA A | R79: 012-01 | S79: 8 | T79: 0 | U79: 0 | V79: 8 | W79: 0 | X79: 0 | Y79: 0 | Z79: 0 | AA79: EM ANDAMENTO | AB79: Suporte | AC79: Natan Santos Morais | AD79: Vanessa Maria da Silva | AE79: 46196.494 | AG79: =IF(B79=0,"",PROPER(TEXT(IF(DAY(B79)>20,EDATE(B79,1),B79),"MMMM-aa"))) -> Julho-26 | AH79: =_xlfn.XLOOKUP(AK79,'Base de Preços'!P$7:P$3001,'Base de Preços'!J$7:J$3001,"",0) -> 0 | AI79: =IF(AB79="Principal",AH79*T79,0) -> 0 | AJ79: =_xlfn.XLOOKUP(N79,Agrupamentos!C$3:C$496,Agrupamentos!D$3:D$496,"",0) -> APOIO E MANUTENÇÃO | AK79: =N79&D79&M79 -> APOIO E MANUTEÇÃO 1410GN14101 | AL79: =CONCATENATE(A79,D79,F79,K79,N79,Q79,R79,AB79,T79,AG79,U79,V79,AE79,B79) -> 46545GN1410Trabalhador FlorestalNATAN SANTOS MORAISAPOIO E MANUTEÇÃO 1410MÃE SANTA GLEBA A012-01Suporte0Julho-260846196,493576388946195 | AM79: =IFERROR(V79/W79,"") | AN79: =IFERROR(AM79*Z79,"") | AO79: =Z79*T79 -> 0 | AP79: =IFERROR(AO79-AN79,"")
A80: 46545 | B80: 46195 | C80: 1°- 07/2026 | D80: GN1410 | E80: MS Florestal - Silvicultura | F80: Trabalhador Florestal | G80: 8 | H80: 11065 | I80: LUCAS SANTOS MORAIS | J80: 11078 | K80: NATAN SANTOS MORAIS | L80: NATAN SANTOS MORAIS | M80: IMP21 | N80: EQUIPE DE BRIGADINHA FLORESTAL | O80: DIA | P80: 612 | Q80: RIBEIRÃO LIMPO - CPG | R80: 001-01 | S80: 0 | T80: 1 | U80: 0 | V80: 0 | W80: 0 | X80: 0 | Y80: 0 | Z80: 3133.15 | AA80: EM ANDAMENTO | AB80: Principal | AC80: Natan Santos Morais | AD80: Mateus Sanches Peres Bieniek | AE80: 46218.688 | AG80: =IF(B80=0,"",PROPER(TEXT(IF(DAY(B80)>20,EDATE(B80,1),B80),"MMMM-aa"))) -> Julho-26 | AH80: =_xlfn.XLOOKUP(AK80,'Base de Preços'!P$7:P$3001,'Base de Preços'!J$7:J$3001,"",0) -> 3133.15 | AI80: =IF(AB80="Principal",AH80*T80,0) -> 3133.15 | AJ80: =_xlfn.XLOOKUP(N80,Agrupamentos!C$3:C$496,Agrupamentos!D$3:D$496,"",0) -> BRIGADINHA MSFL | AK80: =N80&D80&M80 -> EQUIPE DE BRIGADINHA FLORESTALGN1410IMP21 | AL80: =CONCATENATE(A80,D80,F80,K80,N80,Q80,R80,AB80,T80,AG80,U80,V80,AE80,B80) -> 46545GN1410Trabalhador FlorestalNATAN SANTOS MORAISEQUIPE DE BRIGADINHA FLORESTALRIBEIRÃO LIMPO - CPG001-01Principal1Julho-260046218,687511574146195 | AM80: =IFERROR(V80/W80,"") | AN80: =IFERROR(AM80*Z80,"") | AO80: =Z80*T80 -> 3133.15 | AP80: =IFERROR(AO80-AN80,"")
A81: 46545 | B81: 46195 | C81: 1°- 07/2026 | D81: GN1410 | E81: MS Florestal - Silvicultura | F81: Motorista | G81: 8 | H81: 11065 | I81: LUCAS SANTOS MORAIS | J81: 11078 | K81: NATAN SANTOS MORAIS | L81: NATAN SANTOS MORAIS | M81: 1 | N81: APOIO E MANUTEÇÃO 1410 | O81: HA | P81: 503 | Q81: MÃE SANTA GLEBA A | R81: 012-01 | S81: 24 | T81: 0 | U81: 0 | V81: 24 | W81: 0 | X81: 0 | Y81: 0 | Z81: 0 | AA81: EM ANDAMENTO | AB81: Principal | AC81: Natan Santos Morais | AE81: 46196.494 | AG81: =IF(B81=0,"",PROPER(TEXT(IF(DAY(B81)>20,EDATE(B81,1),B81),"MMMM-aa"))) -> Julho-26 | AH81: =_xlfn.XLOOKUP(AK81,'Base de Preços'!P$7:P$3001,'Base de Preços'!J$7:J$3001,"",0) -> 0 | AI81: =IF(AB81="Principal",AH81*T81,0) -> 0 | AJ81: =_xlfn.XLOOKUP(N81,Agrupamentos!C$3:C$496,Agrupamentos!D$3:D$496,"",0) -> APOIO E MANUTENÇÃO | AK81: =N81&D81&M81 -> APOIO E MANUTEÇÃO 1410GN14101 | AL81: =CONCATENATE(A81,D81,F81,K81,N81,Q81,R81,AB81,T81,AG81,U81,V81,AE81,B81) -> 46545GN1410MotoristaNATAN SANTOS MORAISAPOIO E MANUTEÇÃO 1410MÃE SANTA GLEBA A012-01Principal0Julho-2602446196,493576388946195 | AM81: =IFERROR(V81/W81,"") | AN81: =IFERROR(AM81*Z81,"") | AO81: =Z81*T81 -> 0 | AP81: =IFERROR(AO81-AN81,"")
A82: 46545 | B82: 46195 | C82: 1°- 07/2026 | D82: GN1410 | E82: MS Florestal - Silvicultura | F82: Operador de Trator de Pneu | G82: 8 | H82: 11065 | I82: LUCAS SANTOS MORAIS | J82: 11078 | K82: NATAN SANTOS MORAIS | L82: NATAN SANTOS MORAIS | M82: REF223 | N82: SERV HORA TRATOR PNEU 100CV AGRIC | O82: H | P82: 545 | Q82: DOIS CORAÇÕES | R82: 000-00 | S82: 30 | T82: 30 | U82: 8 | V82: 38 | W82: 0 | X82: 1 | Y82: 1.27 | Z82: 290.54 | AA82: EM ANDAMENTO | AB82: Principal | AC82: Natan Santos Morais | AD82: Vanessa Maria da Silva | AE82: 46196.494 | AG82: =IF(B82=0,"",PROPER(TEXT(IF(DAY(B82)>20,EDATE(B82,1),B82),"MMMM-aa"))) -> Julho-26 | AH82: =_xlfn.XLOOKUP(AK82,'Base de Preços'!P$7:P$3001,'Base de Preços'!J$7:J$3001,"",0) -> 290.54 | AI82: =IF(AB82="Principal",AH82*T82,0) -> 8716.2 | AJ82: =_xlfn.XLOOKUP(N82,Agrupamentos!C$3:C$496,Agrupamentos!D$3:D$496,"",0) -> HORA TRATOR | AK82: =N82&D82&M82 -> SERV HORA TRATOR PNEU 100CV AGRICGN1410REF223 | AL82: =CONCATENATE(A82,D82,F82,K82,N82,Q82,R82,AB82,T82,AG82,U82,V82,AE82,B82) -> 46545GN1410Operador de Trator de PneuNATAN SANTOS MORAISSERV HORA TRATOR PNEU 100CV AGRICDOIS CORAÇÕES000-00Principal30Julho-2683846196,493576388946195 | AM82: =IFERROR(V82/W82,"") | AN82: =IFERROR(AM82*Z82,"") | AO82: =Z82*T82 -> 8716.2 | AP82: =IFERROR(AO82-AN82,"")
A83: 46484 | B83: 46195 | C83: 1°- 07/2026 | D83: GN1420 | E83: Innovatech - Silvicultura | F83: Motorista | G83: 8 | H83: XX1 | I83: MARCELO AUGUSTO MARTINS ARAÚJO | J83: 11444E | K83: LEANDRA DE MIRANDA SOUZA COSTA | L83: ADMINISTRATIVO_1420 | M83: 2 | N83: APOIO E MANUTEÇÃO | O83: HA | P83: 534 | Q83: Malule Ii | R83: 1 | S83: 0 | T83: 0 | U83: 16 | V83: 16 | W83: 0 | X83: 0 | Y83: 0 | Z83: 0 | AA83: EM ANDAMENTO | AB83: Principal | AC83: Leandra de Miranda Souza Costa | AD83: Leandra de Miranda Souza Costa | AE83: 46195.788 | AG83: =IF(B83=0,"",PROPER(TEXT(IF(DAY(B83)>20,EDATE(B83,1),B83),"MMMM-aa"))) -> Julho-26 | AH83: =_xlfn.XLOOKUP(AK83,'Base de Preços'!P$7:P$3001,'Base de Preços'!J$7:J$3001,"",0) -> 0 | AI83: =IF(AB83="Principal",AH83*T83,0) -> 0 | AJ83: =_xlfn.XLOOKUP(N83,Agrupamentos!C$3:C$496,Agrupamentos!D$3:D$496,"",0) -> APOIO E MANUTENÇÃO | AK83: =N83&D83&M83 -> APOIO E MANUTEÇÃOGN14202 | AL83: =CONCATENATE(A83,D83,F83,K83,N83,Q83,R83,AB83,T83,AG83,U83,V83,AE83,B83) -> 46484GN1420MotoristaLEANDRA DE MIRANDA SOUZA COSTAAPOIO E MANUTEÇÃOMalule Ii1Principal0Julho-26161646195,788402777846195 | AM83: =IFERROR(V83/W83,"") | AN83: =IFERROR(AM83*Z83,"") | AO83: =Z83*T83 -> 0 | AP83: =IFERROR(AO83-AN83,"")
A84: 46484 | B84: 46195 | C84: 1°- 07/2026 | D84: GN1420 | E84: Innovatech - Silvicultura | F84: Operador de Trator de Pneu | G84: 8 | H84: XX1 | I84: MARCELO AUGUSTO MARTINS ARAÚJO | J84: 11444E | K84: LEANDRA DE MIRANDA SOUZA COSTA | L84: ADMINISTRATIVO_1420 | M84: 2 | N84: APOIO E MANUTEÇÃO | O84: HA | P84: 534 | Q84: Malule Ii | R84: 1 | S84: 0 | T84: 0 | U84: 32 | V84: 32 | W84: 0 | X84: 0 | Y84: 0 | Z84: 0 | AA84: EM ANDAMENTO | AB84: Suporte | AC84: Leandra de Miranda Souza Costa | AD84: Leandra de Miranda Souza Costa | AE84: 46195.789 | AG84: =IF(B84=0,"",PROPER(TEXT(IF(DAY(B84)>20,EDATE(B84,1),B84),"MMMM-aa"))) -> Julho-26 | AH84: =_xlfn.XLOOKUP(AK84,'Base de Preços'!P$7:P$3001,'Base de Preços'!J$7:J$3001,"",0) -> 0 | AI84: =IF(AB84="Principal",AH84*T84,0) -> 0 | AJ84: =_xlfn.XLOOKUP(N84,Agrupamentos!C$3:C$496,Agrupamentos!D$3:D$496,"",0) -> APOIO E MANUTENÇÃO | AK84: =N84&D84&M84 -> APOIO E MANUTEÇÃOGN14202 | AL84: =CONCATENATE(A84,D84,F84,K84,N84,Q84,R84,AB84,T84,AG84,U84,V84,AE84,B84) -> 46484GN1420Operador de Trator de PneuLEANDRA DE MIRANDA SOUZA COSTAAPOIO E MANUTEÇÃOMalule Ii1Suporte0Julho-26323246195,788564814846195 | AM84: =IFERROR(V84/W84,"") | AN84: =IFERROR(AM84*Z84,"") | AO84: =Z84*T84 -> 0 | AP84: =IFERROR(AO84-AN84,"")
A85: 46515 | B85: 46195 | C85: 1°- 07/2026 | D85: GN1420 | E85: Innovatech - Silvicultura | F85: Trabalhador Florestal | G85: 8 | H85: 10665 | I85: ALESSANDRO FERNANDES SANTOS | J85: 10781 | K85: THIAGO DE SOUZA AVELAR | L85: THIAGO DE SOUZA AVELAR | M85: 2 | N85: APOIO E MANUTEÇÃO | O85: HA | P85: 406 | Q85: São Francisco Arid | R85: 2 | S85: 8 | T85: 0 | U85: 0 | V85: 8 | W85: 0 | X85: 0 | Y85: 0 | Z85: 0 | AA85: CONCLUIDO | AB85: Suporte | AC85: Thiago de Souza Avelar | AE85: 46196.334 | AF85: DATA 22/06/2026 FAZENDA : são Francisco aride ATIVIDADES : adubação OPERADOR :Wellington MÁQUINA :GNTP 268 IMPLEMENTO : GNCC o3 HORIMETRO : INICIAL : 1603,00 FINAL : 1613,00 | AG85: =IF(B85=0,"",PROPER(TEXT(IF(DAY(B85)>20,EDATE(B85,1),B85),"MMMM-aa"))) -> Julho-26 | AH85: =_xlfn.XLOOKUP(AK85,'Base de Preços'!P$7:P$3001,'Base de Preços'!J$7:J$3001,"",0) -> 0 | AI85: =IF(AB85="Principal",AH85*T85,0) -> 0 | AJ85: =_xlfn.XLOOKUP(N85,Agrupamentos!C$3:C$496,Agrupamentos!D$3:D$496,"",0) -> APOIO E MANUTENÇÃO | AK85: =N85&D85&M85 -> APOIO E MANUTEÇÃOGN14202 | AL85: =CONCATENATE(A85,D85,F85,K85,N85,Q85,R85,AB85,T85,AG85,U85,V85,AE85,B85) -> 46515GN1420Trabalhador FlorestalTHIAGO DE SOUZA AVELARAPOIO E MANUTEÇÃOSão Francisco Arid2Suporte0Julho-260846196,333692129646195 | AM85: =IFERROR(V85/W85,"") | AN85: =IFERROR(AM85*Z85,"") | AO85: =Z85*T85 -> 0 | AP85: =IFERROR(AO85-AN85,"")
A86: 46515 | B86: 46195 | C86: 1°- 07/2026 | D86: GN1420 | E86: Innovatech - Silvicultura | F86: Operador de Trator de Pneu | G86: 8 | H86: 10665 | I86: ALESSANDRO FERNANDES SANTOS | J86: 10781 | K86: THIAGO DE SOUZA AVELAR | L86: THIAGO DE SOUZA AVELAR | M86: IMP366 | N86: READUBAÇÃO MECANIZADA DE 18 MESES | O86: HA | P86: 406 | Q86: São Francisco Arid | R86: 10 | S86: 10 | T86: 24.57 | U86: 0 | V86: 10 | W86: 0.86 | X86: 0.41 | Y86: 0.41 | Z86: 302.07 | AA86: CONCLUIDO | AB86: Principal | AC86: Thiago de Souza Avelar | AE86: 46196.334 | AF86: DATA 22/06/2026 FAZENDA : são Francisco aride ATIVIDADES : adubação OPERADOR :Wellington MÁQUINA :GNTP 268 IMPLEMENTO : GNCC o3 HORIMETRO : INICIAL : 1603,00 FINAL : 1613,00 | AG86: =IF(B86=0,"",PROPER(TEXT(IF(DAY(B86)>20,EDATE(B86,1),B86),"MMMM-aa"))) -> Julho-26 | AH86: =_xlfn.XLOOKUP(AK86,'Base de Preços'!P$7:P$3001,'Base de Preços'!J$7:J$3001,"",0) -> 376.71 | AI86: =IF(AB86="Principal",AH86*T86,0) -> 9255.7647 | AJ86: =_xlfn.XLOOKUP(N86,Agrupamentos!C$3:C$496,Agrupamentos!D$3:D$496,"",0) -> ADUBAÇÃO MEC | AK86: =N86&D86&M86 -> READUBAÇÃO MECANIZADA DE 18 MESESGN1420IMP366 | AL86: =CONCATENATE(A86,D86,F86,K86,N86,Q86,R86,AB86,T86,AG86,U86,V86,AE86,B86) -> 46515GN1420Operador de Trator de PneuTHIAGO DE SOUZA AVELARREADUBAÇÃO MECANIZADA DE 18 MESESSão Francisco Arid10Principal24,57Julho-2601046196,333692129646195 | AM86: =IFERROR(V86/W86,"") -> 11.627907 | AN86: =IFERROR(AM86*Z86,"") -> 3512.4419 | AO86: =Z86*T86 -> 7421.8599 | AP86: =IFERROR(AO86-AN86,"") -> 3909.418
A87: 46515 | B87: 46195 | C87: 1°- 07/2026 | D87: GN1420 | E87: Innovatech - Silvicultura | F87: Operador de Trator de Pneu | G87: 8 | H87: 10665 | I87: ALESSANDRO FERNANDES SANTOS | J87: 10781 | K87: THIAGO DE SOUZA AVELAR | L87: THIAGO DE SOUZA AVELAR | M87: IMP366 | N87: READUBAÇÃO MECANIZADA DE 18 MESES | O87: HA | P87: 406 | Q87: São Francisco Arid | R87: 8 | S87: 8 | T87: 21.62 | U87: 0 | V87: 8 | W87: 0.86 | X87: 0.37 | Y87: 0.37 | Z87: 302.07 | AA87: CONCLUIDO | AB87: Principal | AC87: Thiago de Souza Avelar | AE87: 46196.334 | AF87: DATA 22/06/2026 FAZENDA : são Francisco aride ATIVIDADES : adubação OPERADOR :Wellington MÁQUINA :GNTP 268 IMPLEMENTO : GNCC o3 HORIMETRO : INICIAL : 1603,00 FINAL : 1613,00 | AG87: =IF(B87=0,"",PROPER(TEXT(IF(DAY(B87)>20,EDATE(B87,1),B87),"MMMM-aa"))) -> Julho-26 | AH87: =_xlfn.XLOOKUP(AK87,'Base de Preços'!P$7:P$3001,'Base de Preços'!J$7:J$3001,"",0) -> 376.71 | AI87: =IF(AB87="Principal",AH87*T87,0) -> 8144.4702 | AJ87: =_xlfn.XLOOKUP(N87,Agrupamentos!C$3:C$496,Agrupamentos!D$3:D$496,"",0) -> ADUBAÇÃO MEC | AK87: =N87&D87&M87 -> READUBAÇÃO MECANIZADA DE 18 MESESGN1420IMP366 | AL87: =CONCATENATE(A87,D87,F87,K87,N87,Q87,R87,AB87,T87,AG87,U87,V87,AE87,B87) -> 46515GN1420Operador de Trator de PneuTHIAGO DE SOUZA AVELARREADUBAÇÃO MECANIZADA DE 18 MESESSão Francisco Arid8Principal21,62Julho-260846196,333692129646195 | AM87: =IFERROR(V87/W87,"") -> 9.3023256 | AN87: =IFERROR(AM87*Z87,"") -> 2809.9535 | AO87: =Z87*T87 -> 6530.7534 | AP87: =IFERROR(AO87-AN87,"") -> 3720.7999
A88: 46515 | B88: 46195 | C88: 1°- 07/2026 | D88: GN1420 | E88: Innovatech - Silvicultura | F88: Motorista | G88: 8 | H88: 10665 | I88: ALESSANDRO FERNANDES SANTOS | J88: 10781 | K88: THIAGO DE SOUZA AVELAR | L88: THIAGO DE SOUZA AVELAR | M88: 2 | N88: APOIO E MANUTEÇÃO | O88: HA | P88: 406 | Q88: São Francisco Arid | R88: 1 | S88: 0 | T88: 0 | U88: 8 | V88: 8 | W88: 0 | X88: 0 | Y88: 0 | Z88: 0 | AA88: CONCLUIDO | AB88: Principal | AC88: Thiago de Souza Avelar | AE88: 46196.334 | AF88: DATA 22/06/2026 FAZENDA : são Francisco aride ATIVIDADES : adubação OPERADOR :Wellington MÁQUINA :GNTP 268 IMPLEMENTO : GNCC o3 HORIMETRO : INICIAL : 1603,00 FINAL : 1613,00 | AG88: =IF(B88=0,"",PROPER(TEXT(IF(DAY(B88)>20,EDATE(B88,1),B88),"MMMM-aa"))) -> Julho-26 | AH88: =_xlfn.XLOOKUP(AK88,'Base de Preços'!P$7:P$3001,'Base de Preços'!J$7:J$3001,"",0) -> 0 | AI88: =IF(AB88="Principal",AH88*T88,0) -> 0 | AJ88: =_xlfn.XLOOKUP(N88,Agrupamentos!C$3:C$496,Agrupamentos!D$3:D$496,"",0) -> APOIO E MANUTENÇÃO | AK88: =N88&D88&M88 -> APOIO E MANUTEÇÃOGN14202 | AL88: =CONCATENATE(A88,D88,F88,K88,N88,Q88,R88,AB88,T88,AG88,U88,V88,AE88,B88) -> 46515GN1420MotoristaTHIAGO DE SOUZA AVELARAPOIO E MANUTEÇÃOSão Francisco Arid1Principal0Julho-268846196,333692129646195 | AM88: =IFERROR(V88/W88,"") | AN88: =IFERROR(AM88*Z88,"") | AO88: =Z88*T88 -> 0 | AP88: =IFERROR(AO88-AN88,"")
A89: 46515 | B89: 46195 | C89: 1°- 07/2026 | D89: GN1420 | E89: Innovatech - Silvicultura | F89: Operador de Trator de Pneu | G89: 8 | H89: 10665 | I89: ALESSANDRO FERNANDES SANTOS | J89: 10781 | K89: THIAGO DE SOUZA AVELAR | L89: THIAGO DE SOUZA AVELAR | M89: IMP366 | N89: READUBAÇÃO MECANIZADA DE 18 MESES | O89: HA | P89: 406 | Q89: São Francisco Arid | R89: 11 | S89: 7 | T89: 9.37 | U89: 1 | V89: 8 | W89: 0.86 | X89: 0.75 | Y89: 0.85 | Z89: 302.07 | AA89: CONCLUIDO | AB89: Principal | AC89: Thiago de Souza Avelar | AE89: 46196.334 | AF89: DATA 22/06/2026 FAZENDA : são Francisco aride ATIVIDADES : adubação OPERADOR :Wellington MÁQUINA :GNTP 268 IMPLEMENTO : GNCC o3 HORIMETRO : INICIAL : 1603,00 FINAL : 1613,00 | AG89: =IF(B89=0,"",PROPER(TEXT(IF(DAY(B89)>20,EDATE(B89,1),B89),"MMMM-aa"))) -> Julho-26 | AH89: =_xlfn.XLOOKUP(AK89,'Base de Preços'!P$7:P$3001,'Base de Preços'!J$7:J$3001,"",0) -> 376.71 | AI89: =IF(AB89="Principal",AH89*T89,0) -> 3529.7727 | AJ89: =_xlfn.XLOOKUP(N89,Agrupamentos!C$3:C$496,Agrupamentos!D$3:D$496,"",0) -> ADUBAÇÃO MEC | AK89: =N89&D89&M89 -> READUBAÇÃO MECANIZADA DE 18 MESESGN1420IMP366 | AL89: =CONCATENATE(A89,D89,F89,K89,N89,Q89,R89,AB89,T89,AG89,U89,V89,AE89,B89) -> 46515GN1420Operador de Trator de PneuTHIAGO DE SOUZA AVELARREADUBAÇÃO MECANIZADA DE 18 MESESSão Francisco Arid11Principal9,37Julho-261846196,333692129646195 | AM89: =IFERROR(V89/W89,"") -> 9.3023256 | AN89: =IFERROR(AM89*Z89,"") -> 2809.9535 | AO89: =Z89*T89 -> 2830.3959 | AP89: =IFERROR(AO89-AN89,"") -> 20.442412
A90: 46515 | B90: 46195 | C90: 1°- 07/2026 | D90: GN1420 | E90: Innovatech - Silvicultura | F90: Operador de Trator de Pneu | G90: 8 | H90: 10665 | I90: ALESSANDRO FERNANDES SANTOS | J90: 10781 | K90: THIAGO DE SOUZA AVELAR | L90: THIAGO DE SOUZA AVELAR | M90: IMP366 | N90: READUBAÇÃO MECANIZADA DE 18 MESES | O90: HA | P90: 406 | Q90: São Francisco Arid | R90: 9 | S90: 5 | T90: 6.34 | U90: 11 | V90: 16 | W90: 0.86 | X90: 0.79 | Y90: 2.52 | Z90: 302.07 | AA90: CONCLUIDO | AB90: Principal | AC90: Thiago de Souza Avelar | AE90: 46196.334 | AF90: DATA 22/06/2026 FAZENDA : são Francisco aride ATIVIDADES : adubação OPERADOR :Wellington MÁQUINA :GNTP 268 IMPLEMENTO : GNCC o3 HORIMETRO : INICIAL : 1603,00 FINAL : 1613,00 | AG90: =IF(B90=0,"",PROPER(TEXT(IF(DAY(B90)>20,EDATE(B90,1),B90),"MMMM-aa"))) -> Julho-26 | AH90: =_xlfn.XLOOKUP(AK90,'Base de Preços'!P$7:P$3001,'Base de Preços'!J$7:J$3001,"",0) -> 376.71 | AI90: =IF(AB90="Principal",AH90*T90,0) -> 2388.3414 | AJ90: =_xlfn.XLOOKUP(N90,Agrupamentos!C$3:C$496,Agrupamentos!D$3:D$496,"",0) -> ADUBAÇÃO MEC | AK90: =N90&D90&M90 -> READUBAÇÃO MECANIZADA DE 18 MESESGN1420IMP366 | AL90: =CONCATENATE(A90,D90,F90,K90,N90,Q90,R90,AB90,T90,AG90,U90,V90,AE90,B90) -> 46515GN1420Operador de Trator de PneuTHIAGO DE SOUZA AVELARREADUBAÇÃO MECANIZADA DE 18 MESESSão Francisco Arid9Principal6,34Julho-26111646196,333692129646195 | AM90: =IFERROR(V90/W90,"") -> 18.604651 | AN90: =IFERROR(AM90*Z90,"") -> 5619.907 | AO90: =Z90*T90 -> 1915.1238 | AP90: =IFERROR(AO90-AN90,"") -> -3704.7832
A91: 46527 | B91: 46195 | C91: 1°- 07/2026 | D91: GN1420 | E91: Innovatech - Silvicultura | F91: Motorista | G91: 8 | H91: 9241 | I91: SILMAR BARBOSA DOS SANTOS | J91: 11447 | K91: ANDREY NICOLLAS UCHOA DE OLIVEIRA | L91: Apoio e Manutenção GN1420 | M91: 2 | N91: APOIO E MANUTEÇÃO | O91: HA | P91: 390 | Q91: Pátio MS | R91: T01 | S91: 0 | T91: 0 | U91: 24 | V91: 24 | W91: 0 | X91: 0 | Y91: 0 | Z91: 0 | AA91: CONCLUIDO | AB91: Principal | AC91: Andrey Nicollas Uchôa de Oliveira | AD91: Leandra de Miranda Souza Costa | AE91: 46196.365 | AG91: =IF(B91=0,"",PROPER(TEXT(IF(DAY(B91)>20,EDATE(B91,1),B91),"MMMM-aa"))) -> Julho-26 | AH91: =_xlfn.XLOOKUP(AK91,'Base de Preços'!P$7:P$3001,'Base de Preços'!J$7:J$3001,"",0) -> 0 | AI91: =IF(AB91="Principal",AH91*T91,0) -> 0 | AJ91: =_xlfn.XLOOKUP(N91,Agrupamentos!C$3:C$496,Agrupamentos!D$3:D$496,"",0) -> APOIO E MANUTENÇÃO | AK91: =N91&D91&M91 -> APOIO E MANUTEÇÃOGN14202 | AL91: =CONCATENATE(A91,D91,F91,K91,N91,Q91,R91,AB91,T91,AG91,U91,V91,AE91,B91) -> 46527GN1420MotoristaANDREY NICOLLAS UCHOA DE OLIVEIRAAPOIO E MANUTEÇÃOPátio MST01Principal0Julho-26242446196,364560185246195 | AM91: =IFERROR(V91/W91,"") | AN91: =IFERROR(AM91*Z91,"") | AO91: =Z91*T91 -> 0 | AP91: =IFERROR(AO91-AN91,"")
A92: 46561 | B92: 46196 | C92: 1°- 07/2026 | D92: GN1270 | E92: Lacan Florestal | F92: Trabalhador Florestal | G92: 8 | H92: 11697 | I92: ADRIANO BARROS DA COSTA | J92: 11067 | K92: FABIO MATOS DE SOUZA | L92: FABIO MATOS DE SOUZA | M92: 70 | N92: COMBATE A FORMIGA MANUAL MANUTENÇÃO - ANO 01 | O92: HA | P92: 371 | Q92: Nova Esperança | R92: 11 | S92: 0 | T92: 0 | U92: 192 | V92: 192 | W92: 1.42 | X92: 0 | Y92: 0 | Z92: 149.09 | AA92: EM ANDAMENTO | AB92: Principal | AC92: Fabio Matos de Souza | AD92: Cilas Andrei da Silva Serrado | AE92: 46196.805 | AF92: EQUIPE PARADA POR CAUSA DA CHUVA | AG92: =IF(B92=0,"",PROPER(TEXT(IF(DAY(B92)>20,EDATE(B92,1),B92),"MMMM-aa"))) -> Julho-26 | AH92: =_xlfn.XLOOKUP(AK92,'Base de Preços'!P$7:P$3001,'Base de Preços'!J$7:J$3001,"",0) -> 152.18 | AI92: =IF(AB92="Principal",AH92*T92,0) -> 0 | AJ92: =_xlfn.XLOOKUP(N92,Agrupamentos!C$3:C$496,Agrupamentos!D$3:D$496,"",0) -> COMBATE A FORMIGA MANUAL | AK92: =N92&D92&M92 -> COMBATE A FORMIGA MANUAL MANUTENÇÃO - ANO 01GN127070 | AL92: =CONCATENATE(A92,D92,F92,K92,N92,Q92,R92,AB92,T92,AG92,U92,V92,AE92,B92) -> 46561GN1270Trabalhador FlorestalFABIO MATOS DE SOUZACOMBATE A FORMIGA MANUAL MANUTENÇÃO - ANO 01Nova Esperança11Principal0Julho-2619219246196,805300925946196 | AM92: =IFERROR(V92/W92,"") -> 135.21127 | AN92: =IFERROR(AM92*Z92,"") -> 20158.648 | AO92: =Z92*T92 -> 0 | AP92: =IFERROR(AO92-AN92,"") -> -20158.648
A93: 46561 | B93: 46196 | C93: 1°- 07/2026 | D93: GN1270 | E93: Lacan Florestal | F93: Motorista | G93: 8 | H93: 11697 | I93: ADRIANO BARROS DA COSTA | J93: 11067 | K93: FABIO MATOS DE SOUZA | L93: FABIO MATOS DE SOUZA | M93: 2 | N93: APOIO E MANUTEÇÃO | O93: HA | P93: 371 | Q93: Nova Esperança | R93: 11 | S93: 8 | T93: 0 | U93: 0 | V93: 8 | W93: 0 | X93: 0 | Y93: 0 | Z93: 0 | AA93: EM ANDAMENTO | AB93: Suporte | AC93: Fabio Matos de Souza | AD93: Leandra de Miranda Souza Costa | AE93: 46196.805 | AF93: EQUIPE PARADA POR CAUSA DA CHUVA | AG93: =IF(B93=0,"",PROPER(TEXT(IF(DAY(B93)>20,EDATE(B93,1),B93),"MMMM-aa"))) -> Julho-26 | AH93: =_xlfn.XLOOKUP(AK93,'Base de Preços'!P$7:P$3001,'Base de Preços'!J$7:J$3001,"",0) -> 0 | AI93: =IF(AB93="Principal",AH93*T93,0) -> 0 | AJ93: =_xlfn.XLOOKUP(N93,Agrupamentos!C$3:C$496,Agrupamentos!D$3:D$496,"",0) -> APOIO E MANUTENÇÃO | AK93: =N93&D93&M93 -> APOIO E MANUTEÇÃOGN12702 | AL93: =CONCATENATE(A93,D93,F93,K93,N93,Q93,R93,AB93,T93,AG93,U93,V93,AE93,B93) -> 46561GN1270MotoristaFABIO MATOS DE SOUZAAPOIO E MANUTEÇÃONova Esperança11Suporte0Julho-260846196,805300925946196 | AM93: =IFERROR(V93/W93,"") | AN93: =IFERROR(AM93*Z93,"") | AO93: =Z93*T93 -> 0 | AP93: =IFERROR(AO93-AN93,"")
A94: 46589 | B94: 46196 | C94: 1°- 07/2026 | D94: GN1270 | E94: Lacan Florestal | F94: Motorista | G94: 8 | H94: 9241 | I94: SILMAR BARBOSA DOS SANTOS | J94: 11447 | K94: ANDREY NICOLLAS UCHOA DE OLIVEIRA | L94: Apoio e Manutenção GN1270 | M94: 2 | N94: APOIO E MANUTEÇÃO | O94: HA | P94: 542 | Q94: BOM JESUS | R94: 58 | S94: 0 | T94: 0 | U94: 8 | V94: 8 | W94: 0 | X94: 0 | Y94: 0 | Z94: 0 | AA94: EM ANDAMENTO | AB94: Suporte | AC94: Andrey Nicollas Uchôa de Oliveira | AD94: Cilas Andrei da Silva Serrado | AE94: 46197.352 | AG94: =IF(B94=0,"",PROPER(TEXT(IF(DAY(B94)>20,EDATE(B94,1),B94),"MMMM-aa"))) -> Julho-26 | AH94: =_xlfn.XLOOKUP(AK94,'Base de Preços'!P$7:P$3001,'Base de Preços'!J$7:J$3001,"",0) -> 0 | AI94: =IF(AB94="Principal",AH94*T94,0) -> 0 | AJ94: =_xlfn.XLOOKUP(N94,Agrupamentos!C$3:C$496,Agrupamentos!D$3:D$496,"",0) -> APOIO E MANUTENÇÃO | AK94: =N94&D94&M94 -> APOIO E MANUTEÇÃOGN12702 | AL94: =CONCATENATE(A94,D94,F94,K94,N94,Q94,R94,AB94,T94,AG94,U94,V94,AE94,B94) -> 46589GN1270MotoristaANDREY NICOLLAS UCHOA DE OLIVEIRAAPOIO E MANUTEÇÃOBOM JESUS58Suporte0Julho-268846197,352453703746196 | AM94: =IFERROR(V94/W94,"") | AN94: =IFERROR(AM94*Z94,"") | AO94: =Z94*T94 -> 0 | AP94: =IFERROR(AO94-AN94,"")
A95: 46556 | B95: 46196 | C95: 1°- 07/2026 | D95: GN1400 | E95: Arauco - Silvicultura | F95: Operador de Trator de Pneu | G95: 8 | H95: 10859 | I95: RENATO DE SOUZA PEREIRA | J95: 10315 | K95: ANTONIO MARCIO PEREIRA DA SILVA | L95: ANTONIO MARCIO PEREIRA DA SILVA | M95: REF29 | N95: REPLANTIO | O95: HA | P95: 410 | Q95: Canto do Pinhe | R95: 505 | S95: 8 | T95: 24.54 | U95: 8 | V95: 16 | W95: 0.4 | X95: 0.33 | Y95: 0.65 | Z95: 124.6 | AA95: CONCLUIDO | AB95: Apoio | AC95: Antonio Marcio Pereira da Silva | AD95: Cilas Andrei da Silva Serrado | AE95: 46196.775 | AF95: adicionar na produção o ônibus de placa:BEH3H18 KM INICIAL:358046 FINAL:358185 | AG95: =IF(B95=0,"",PROPER(TEXT(IF(DAY(B95)>20,EDATE(B95,1),B95),"MMMM-aa"))) -> Julho-26 | AH95: =_xlfn.XLOOKUP(AK95,'Base de Preços'!P$7:P$3001,'Base de Preços'!J$7:J$3001,"",0) -> 446.88 | AI95: =IF(AB95="Principal",AH95*T95,0) -> 0 | AJ95: =_xlfn.XLOOKUP(N95,Agrupamentos!C$3:C$496,Agrupamentos!D$3:D$496,"",0) -> REPLANTIO | AK95: =N95&D95&M95 -> REPLANTIOGN1400REF29 | AL95: =CONCATENATE(A95,D95,F95,K95,N95,Q95,R95,AB95,T95,AG95,U95,V95,AE95,B95) -> 46556GN1400Operador de Trator de PneuANTONIO MARCIO PEREIRA DA SILVAREPLANTIOCanto do Pinhe505Apoio24,54Julho-2681646196,775115740746196 | AM95: =IFERROR(V95/W95,"") -> 40 | AN95: =IFERROR(AM95*Z95,"") -> 4984 | AO95: =Z95*T95 -> 3057.684 | AP95: =IFERROR(AO95-AN95,"") -> -1926.316
A96: 46556 | B96: 46196 | C96: 1°- 07/2026 | D96: GN1400 | E96: Arauco - Silvicultura | F96: Motorista | G96: 8 | H96: 10859 | I96: RENATO DE SOUZA PEREIRA | J96: 10315 | K96: ANTONIO MARCIO PEREIRA DA SILVA | L96: ANTONIO MARCIO PEREIRA DA SILVA | M96: 43 | N96: APOIO E MANUTEÇÃO | O96: HA | P96: 410 | Q96: Canto do Pinhe | R96: 505 | S96: 9 | T96: 0 | U96: 0 | V96: 9 | W96: 0 | X96: 0 | Y96: 0 | Z96: 0 | AA96: EM ANDAMENTO | AB96: Principal | AC96: Antonio Marcio Pereira da Silva | AD96: Lucas Barbosa Ramos | AE96: 46197.339 | AF96: adicionar na produção o ônibus de placa:BEH3H18 KM INICIAL:358046 FINAL:358185 | AG96: =IF(B96=0,"",PROPER(TEXT(IF(DAY(B96)>20,EDATE(B96,1),B96),"MMMM-aa"))) -> Julho-26 | AH96: =_xlfn.XLOOKUP(AK96,'Base de Preços'!P$7:P$3001,'Base de Preços'!J$7:J$3001,"",0) -> 0 | AI96: =IF(AB96="Principal",AH96*T96,0) -> 0 | AJ96: =_xlfn.XLOOKUP(N96,Agrupamentos!C$3:C$496,Agrupamentos!D$3:D$496,"",0) -> APOIO E MANUTENÇÃO | AK96: =N96&D96&M96 -> APOIO E MANUTEÇÃOGN140043 | AL96: =CONCATENATE(A96,D96,F96,K96,N96,Q96,R96,AB96,T96,AG96,U96,V96,AE96,B96) -> 46556GN1400MotoristaANTONIO MARCIO PEREIRA DA SILVAAPOIO E MANUTEÇÃOCanto do Pinhe505Principal0Julho-260946197,339351851846196 | AM96: =IFERROR(V96/W96,"") | AN96: =IFERROR(AM96*Z96,"") | AO96: =Z96*T96 -> 0 | AP96: =IFERROR(AO96-AN96,"")
A97: 46556 | B97: 46196 | C97: 1°- 07/2026 | D97: GN1400 | E97: Arauco - Silvicultura | F97: Trabalhador Florestal | G97: 8 | H97: 10859 | I97: RENATO DE SOUZA PEREIRA | J97: 10315 | K97: ANTONIO MARCIO PEREIRA DA SILVA | L97: ANTONIO MARCIO PEREIRA DA SILVA | M97: REF29 | N97: REPLANTIO | O97: HA | P97: 410 | Q97: Canto do Pinhe | R97: 505 | S97: 73 | T97: 24.54 | U97: 0 | V97: 73 | W97: 3.18 | X97: 2.97 | Y97: 2.97 | Z97: 322.28 | AA97: CONCLUIDO | AB97: Principal | AC97: Antonio Marcio Pereira da Silva | AD97: Cilas Andrei da Silva Serrado | AE97: 46196.775 | AF97: adicionar na produção o ônibus de placa:BEH3H18 KM INICIAL:358046 FINAL:358185 | AG97: =IF(B97=0,"",PROPER(TEXT(IF(DAY(B97)>20,EDATE(B97,1),B97),"MMMM-aa"))) -> Julho-26 | AH97: =_xlfn.XLOOKUP(AK97,'Base de Preços'!P$7:P$3001,'Base de Preços'!J$7:J$3001,"",0) -> 446.88 | AI97: =IF(AB97="Principal",AH97*T97,0) -> 10966.435 | AJ97: =_xlfn.XLOOKUP(N97,Agrupamentos!C$3:C$496,Agrupamentos!D$3:D$496,"",0) -> REPLANTIO | AK97: =N97&D97&M97 -> REPLANTIOGN1400REF29 | AL97: =CONCATENATE(A97,D97,F97,K97,N97,Q97,R97,AB97,T97,AG97,U97,V97,AE97,B97) -> 46556GN1400Trabalhador FlorestalANTONIO MARCIO PEREIRA DA SILVAREPLANTIOCanto do Pinhe505Principal24,54Julho-2607346196,775115740746196 | AM97: =IFERROR(V97/W97,"") -> 22.955975 | AN97: =IFERROR(AM97*Z97,"") -> 7398.2516 | AO97: =Z97*T97 -> 7908.7512 | AP97: =IFERROR(AO97-AN97,"") -> 510.49963
A98: 46558 | B98: 46196 | C98: 1°- 07/2026 | D98: GN1400 | E98: Arauco - Silvicultura | F98: Motorista | G98: 8 | H98: 10859 | I98: RENATO DE SOUZA PEREIRA | J98: 10837 | K98: JEAN CARDOSO PAIVA | L98: JEAN CARDOSO PAIVA | M98: 43 | N98: APOIO E MANUTEÇÃO | O98: HA | P98: 410 | Q98: Canto do Pinhe | R98: 500 | S98: 0 | T98: 0 | U98: 8 | V98: 8 | W98: 0 | X98: 0 | Y98: 0 | Z98: 0 | AA98: EM ANDAMENTO | AB98: Principal | AC98: Jean Cardoso Paiva | AD98: Cilas Andrei da Silva Serrado | AE98: 46197.337 | AG98: =IF(B98=0,"",PROPER(TEXT(IF(DAY(B98)>20,EDATE(B98,1),B98),"MMMM-aa"))) -> Julho-26 | AH98: =_xlfn.XLOOKUP(AK98,'Base de Preços'!P$7:P$3001,'Base de Preços'!J$7:J$3001,"",0) -> 0 | AI98: =IF(AB98="Principal",AH98*T98,0) -> 0 | AJ98: =_xlfn.XLOOKUP(N98,Agrupamentos!C$3:C$496,Agrupamentos!D$3:D$496,"",0) -> APOIO E MANUTENÇÃO | AK98: =N98&D98&M98 -> APOIO E MANUTEÇÃOGN140043 | AL98: =CONCATENATE(A98,D98,F98,K98,N98,Q98,R98,AB98,T98,AG98,U98,V98,AE98,B98) -> 46558GN1400MotoristaJEAN CARDOSO PAIVAAPOIO E MANUTEÇÃOCanto do Pinhe500Principal0Julho-268846197,336990740746196 | AM98: =IFERROR(V98/W98,"") | AN98: =IFERROR(AM98*Z98,"") | AO98: =Z98*T98 -> 0 | AP98: =IFERROR(AO98-AN98,"")
A99: 46558 | B99: 46196 | C99: 1°- 07/2026 | D99: GN1400 | E99: Arauco - Silvicultura | F99: Trabalhador Florestal | G99: 8 | H99: 10859 | I99: RENATO DE SOUZA PEREIRA | J99: 10837 | K99: JEAN CARDOSO PAIVA | L99: JEAN CARDOSO PAIVA | M99: REF29 | N99: REPLANTIO | O99: HA | P99: 410 | Q99: Canto do Pinhe | R99: 506 | S99: 80 | T99: 21.86 | U99: 0 | V99: 80 | W99: 3.18 | X99: 3.66 | Y99: 3.66 | Z99: 322.28 | AA99: CONCLUIDO | AB99: Principal | AC99: Jean Cardoso Paiva | AD99: Lucas Barbosa Ramos | AE99: 46197.495 | AG99: =IF(B99=0,"",PROPER(TEXT(IF(DAY(B99)>20,EDATE(B99,1),B99),"MMMM-aa"))) -> Julho-26 | AH99: =_xlfn.XLOOKUP(AK99,'Base de Preços'!P$7:P$3001,'Base de Preços'!J$7:J$3001,"",0) -> 446.88 | AI99: =IF(AB99="Principal",AH99*T99,0) -> 9768.7968 | AJ99: =_xlfn.XLOOKUP(N99,Agrupamentos!C$3:C$496,Agrupamentos!D$3:D$496,"",0) -> REPLANTIO | AK99: =N99&D99&M99 -> REPLANTIOGN1400REF29 | AL99: =CONCATENATE(A99,D99,F99,K99,N99,Q99,R99,AB99,T99,AG99,U99,V99,AE99,B99) -> 46558GN1400Trabalhador FlorestalJEAN CARDOSO PAIVAREPLANTIOCanto do Pinhe506Principal21,86Julho-2608046197,494942129646196 | AM99: =IFERROR(V99/W99,"") -> 25.157233 | AN99: =IFERROR(AM99*Z99,"") -> 8107.673 | AO99: =Z99*T99 -> 7045.0408 | AP99: =IFERROR(AO99-AN99,"") -> -1062.6322
A100: 46560 | B100: 46196 | C100: 1°- 07/2026 | D100: GN1400 | E100: Arauco - Silvicultura | F100: Trabalhador Florestal | G100: 8 | H100: 10859 | I100: RENATO DE SOUZA PEREIRA | J100: 9900 | K100: CARLOS ALVES DOS SANTOS | L100: CARLOS ALVES DOS SANTOS | M100: 43 | N100: APOIO E MANUTEÇÃO | O100: HA | P100: 496 | Q100: Santa Beatriz | R100: 1 | S100: 0 | T100: 0 | U100: 8 | V100: 8 | W100: 0 | X100: 0 | Y100: 0 | Z100: 0 | AA100: CONCLUIDO | AB100: Suporte | AC100: Carlos Alves dos Santos | AE100: 46196.802 | AG100: =IF(B100=0,"",PROPER(TEXT(IF(DAY(B100)>20,EDATE(B100,1),B100),"MMMM-aa"))) -> Julho-26 | AH100: =_xlfn.XLOOKUP(AK100,'Base de Preços'!P$7:P$3001,'Base de Preços'!J$7:J$3001,"",0) -> 0 | AI100: =IF(AB100="Principal",AH100*T100,0) -> 0 | AJ100: =_xlfn.XLOOKUP(N100,Agrupamentos!C$3:C$496,Agrupamentos!D$3:D$496,"",0) -> APOIO E MANUTENÇÃO | AK100: =N100&D100&M100 -> APOIO E MANUTEÇÃOGN140043 | AL100: =CONCATENATE(A100,D100,F100,K100,N100,Q100,R100,AB100,T100,AG100,U100,V100,AE100,B100) -> 46560GN1400Trabalhador FlorestalCARLOS ALVES DOS SANTOSAPOIO E MANUTEÇÃOSanta Beatriz1Suporte0Julho-268846196,801608796346196 | AM100: =IFERROR(V100/W100,"") | AN100: =IFERROR(AM100*Z100,"") | AO100: =Z100*T100 -> 0 | AP100: =IFERROR(AO100-AN100,"")
A101: 46560 | B101: 46196 | C101: 1°- 07/2026 | D101: GN1400 | E101: Arauco - Silvicultura | F101: Operador de Trator de Pneu | G101: 8 | H101: 10859 | I101: RENATO DE SOUZA PEREIRA | J101: 9900 | K101: CARLOS ALVES DOS SANTOS | L101: CARLOS ALVES DOS SANTOS | M101: 43 | N101: APOIO E MANUTEÇÃO | O101: HA | P101: 496 | Q101: Santa Beatriz | R101: 1 | S101: 0 | T101: 0 | U101: 48 | V101: 48 | W101: 0 | X101: 0 | Y101: 0 | Z101: 0 | AA101: CONCLUIDO | AB101: Suporte | AC101: Carlos Alves dos Santos | AE101: 46196.802 | AG101: =IF(B101=0,"",PROPER(TEXT(IF(DAY(B101)>20,EDATE(B101,1),B101),"MMMM-aa"))) -> Julho-26 | AH101: =_xlfn.XLOOKUP(AK101,'Base de Preços'!P$7:P$3001,'Base de Preços'!J$7:J$3001,"",0) -> 0 | AI101: =IF(AB101="Principal",AH101*T101,0) -> 0 | AJ101: =_xlfn.XLOOKUP(N101,Agrupamentos!C$3:C$496,Agrupamentos!D$3:D$496,"",0) -> APOIO E MANUTENÇÃO | AK101: =N101&D101&M101 -> APOIO E MANUTEÇÃOGN140043 | AL101: =CONCATENATE(A101,D101,F101,K101,N101,Q101,R101,AB101,T101,AG101,U101,V101,AE101,B101) -> 46560GN1400Operador de Trator de PneuCARLOS ALVES DOS SANTOSAPOIO E MANUTEÇÃOSanta Beatriz1Suporte0Julho-26484846196,801608796346196 | AM101: =IFERROR(V101/W101,"") | AN101: =IFERROR(AM101*Z101,"") | AO101: =Z101*T101 -> 0 | AP101: =IFERROR(AO101-AN101,"")
A102: 46571 | B102: 46196 | C102: 1°- 07/2026 | D102: GN1400 | E102: Arauco - Silvicultura | F102: Operador de Trator de Pneu | G102: 8 | H102: 10859 | I102: RENATO DE SOUZA PEREIRA | J102: 11034 | K102: JOAO VITOR TONETO SILVA | L102: JOAO VITOR TONETO SILVA | M102: IMP17 | N102: COMBATE A FORMIGA PÓS PLANTIO MECANIZADO- 3 a 5kg/ha isca granulada ou MIPIS | O102: HA | P102: 458 | Q102: Uniao - Retiro Santa Maria I | R102: 5 | S102: 5 | T102: 8 | U102: 11 | V102: 16 | W102: 0.38 | X102: 0.63 | Y102: 2 | Z102: 159.09 | AA102: EM ANDAMENTO | AB102: Principal | AC102: João Vitor Toneto Silva | AD102: Cilas Andrei da Silva Serrado | AE102: 46196.865 | AG102: =IF(B102=0,"",PROPER(TEXT(IF(DAY(B102)>20,EDATE(B102,1),B102),"MMMM-aa"))) -> Julho-26 | AH102: =_xlfn.XLOOKUP(AK102,'Base de Preços'!P$7:P$3001,'Base de Preços'!J$7:J$3001,"",0) -> 193.73 | AI102: =IF(AB102="Principal",AH102*T102,0) -> 1549.84 | AJ102: =_xlfn.XLOOKUP(N102,Agrupamentos!C$3:C$496,Agrupamentos!D$3:D$496,"",0) -> COMBATE A FORMIGA MECANIZADO | AK102: =N102&D102&M102 -> COMBATE A FORMIGA PÓS PLANTIO MECANIZADO- 3 a 5kg/ha isca granulada ou MIPISGN1400IMP17 | AL102: =CONCATENATE(A102,D102,F102,K102,N102,Q102,R102,AB102,T102,AG102,U102,V102,AE102,B102) -> 46571GN1400Operador de Trator de PneuJOAO VITOR TONETO SILVACOMBATE A FORMIGA PÓS PLANTIO MECANIZADO- 3 a 5kg/ha isca granulada ou MIPISUniao - Retiro Santa Maria I5Principal8Julho-26111646196,865381944446196 | AM102: =IFERROR(V102/W102,"") -> 42.105263 | AN102: =IFERROR(AM102*Z102,"") -> 6698.5263 | AO102: =Z102*T102 -> 1272.72 | AP102: =IFERROR(AO102-AN102,"") -> -5425.8063
...

Sheet Agrupamentos
C1: Agrupamentos
C2: Operação | D2: Agrupamento
C3: SERV ADUBACAO SOLIDA MANUAL AGRIC | D3: ADUBAÇÃO MANUAL
C4: ADUBAÇÃO MANUAL EM COVETA LATERAL | D4: ADUBAÇÃO MANUAL
C5: READUBAÇÃO MECANIZADA DE 18 MESES | D5: ADUBAÇÃO MEC
C6: ADUBAÇÃO MECANIZADA DE 12 MESES | D6: ADUBAÇÃO MEC
C7: SERV ADUBACAO SOLIDA MEC AGRIC | D7: ADUBAÇÃO MEC
C8: ADUBAÇÃO MECANIZADA DE 6 MESES | D8: ADUBAÇÃO MEC
C9: CAPINA QUÍMICA MECÂNICA NA ENTRELINHA CONCEIÇÃO + ADUBAÇÃO 6 MESES | D9: ADUBAÇÃO MEC/CONCEIÇÃO
C10: CAPINA QUÍMICA MECÂNICA NA ENTRELINHA CONCEIÇÃO + ADUBAÇÃO 12 MESES | D10: ADUBAÇÃO MEC/CONCEIÇÃO
C11: APOIO E MANUTEÇÃO | D11: APOIO E MANUTENÇÃO
C12: APOIO E MANUTEÇÃO 1410 | D12: APOIO E MANUTENÇÃO
C13: EQUIPE DE BRIGADINHA FLORESTAL | D13: BRIGADINHA MSFL
... C145: ADUBAÇÃO 6 MESES 250KG/HA, EM FILETE CONTÍNUO | D145: ADUBAÇÃO MEC
C2396: GRADAGEM NA ENTRE LINHA
C2397: CAPINA QUÍMICA MECÂNICA NA ENTRELINHA CONCEIÇÃO 6 MESES
C2398: ADUBAÇÃO MECANIZADA DE 6 MESES
C2399: CAMINHÃO PIPA – PREVENÇÃO A INCÊNDIO - ANO 01
C2400: CAPINA QUÍMICA MECÂNICA NA ENTRELINHA CONCEIÇÃO 6 MESES
C2401: CAPINA QUÍMICA MECÂNICA NA ENTRELINHA CONCEIÇÃO 6 MESES
C2402: CAPINA QUÍMICA MECÂNICA NA ENTRELINHA CONCEIÇÃO 6 MESES
C2403: CAPINA QUÍMICA MECÂNICA NA ENTRELINHA CONCEIÇÃO 6 MESES
C2404: CAPINA QUÍMICA MECÂNICA NA ENTRELINHA CONCEIÇÃO 6 MESES
C2405: CAPINA QUÍMICA MECÂNICA NA ENTRELINHA CONCEIÇÃO 6 MESES
C2406: CAPINA QUÍMICA MECÂNICA NA ENTRELINHA CONCEIÇÃO 6 MESES
C2407: CAPINA QUÍMICA MECÂNICA NA ENTRELINHA CONCEIÇÃO 6 MESES
... C3637: ADUBAÇÃO REPLANTIO

Sheet Base de Preços
C1: Relatório CDO vs BMS | L1: Emitido Por: Cilas Andrei da Silva Serrado
L3: Data da Emissão: 25/07/2026 às 15:36
G4: =SUBTOTAL(9,G7:G142) -> 0 | K4: =SUBTOTAL(9,K7:K142) -> 0
A6: Código | B6: Operação | C6: Cód. Projeto | D6: Projeto | E6: Talhão | F6: Tamanho do Talhão | G6: Realizado CDO | H6: Realizado BMS | I6: BMS menos CDO | J6: Preço | K6: Total em CDO | L6: Total em BMS | M6: Dif. BMS - CDO | N6: Observação (BMS) | O6: CR | P6: OPERAÇÃO + CR +COD
A7: 46028 | B7: 2º IRRIGAÇÃO DE REPLANTIO | J7: 492.5 | O7: GN1400 | P7: =B7&O7&A7 -> 2º IRRIGAÇÃO DE REPLANTIOGN140046028
A8: 46059 | B8: 3° IRRIGAÇÃO DE REPLANTIO | J8: 492.5 | O8: GN1400 | P8: =B8&O8&A8 -> 3° IRRIGAÇÃO DE REPLANTIOGN140046059
A9: 46087 | B9: 4ª IRRIGAÇÃO DE REPLANTIO | J9: 492.5 | O9: GN1400 | P9: =B9&O9&A9 -> 4ª IRRIGAÇÃO DE REPLANTIOGN140046087
A10: 7 | B10: REPLANTIO | J10: 399 | O10: GN1400 | P10: =B10&O10&A10 -> REPLANTIOGN14007
A11: 43 | B11: APOIO E MANUTEÇÃO | J11: 0 | O11: GN1400 | P11: =B11&O11&A11 -> APOIO E MANUTEÇÃOGN140043
A12: IMP08 | B12: COMBATE A FORMIGA PRÉ PLANTIO MANUAL | J12: 305.33 | O12: GN1400 | P12: =B12&O12&A12 -> COMBATE A FORMIGA PRÉ PLANTIO MANUALGN1400IMP08
A13: IMP09 | B13: COMBATE A FORMIGA PRÉ PLANTIO MECANIZADO - Sulfluramida ou Fipronil | J13: 195 | O13: GN1400 | P13: =B13&O13&A13 -> COMBATE A FORMIGA PRÉ PLANTIO MECANIZADO - Sulfluramida ou FipronilGN1400IMP09
A14: IMP11 | B14: SUBSOLAGEM COM ADUBAÇÃO 350 a 400kg/ha, 40 a 50cm de profundidade, com bacia 3 a 4 litros, 2 turnos | J14: 1128.28 | O14: GN1400 | P14: =B14&O14&A14 -> SUBSOLAGEM COM ADUBAÇÃO 350 a 400kg/ha, 40 a 50cm de profundidade, com bacia 3 a 4 litros, 2 turnosGN1400IMP11
A15: IMP12 | B15: PLANTIO MANUAL 1.110 plantas/ha, mudas com tratamento (MAP e Cupinicida), mudas SEM TUBETE + replantio | J15: 1452.94 | O15: GN1400 | P15: =B15&O15&A15 -> PLANTIO MANUAL 1.110 plantas/ha, mudas com tratamento (MAP e Cupinicida), mudas SEM TUBETE + replantioGN1400IMP12
A16: IMP14 | B16: Irrigação de Plantio 4 a 5L/Planta+Polímero, tomadas d'água a 5 a 10KM da Operação, incluindo Capitação de Água | J16: 930 | O16: GN1400 | P16: =B16&O16&A16 -> Irrigação de Plantio 4 a 5L/Planta+Polímero, tomadas d'água a 5 a 10KM da Operação, incluindo Capitação de ÁguaGN1400IMP14
A17: IMP15 | B17: 2ª IRRIGAÇÃO DE PLANTIO 4 a 5L/Planta+Polímero, tomadas d'água a 5 a 10KM da Operação, incluindo Captação de Água | J17: 930 | O17: GN1400 | P17: =B17&O17&A17 -> 2ª IRRIGAÇÃO DE PLANTIO 4 a 5L/Planta+Polímero, tomadas d'água a 5 a 10KM da Operação, incluindo Captação de ÁguaGN1400IMP15
A18: IMP16 | B18: COMBATE A FORMIGA PÓS PLANTIO MANUAL - 3 a 5kg/ha isca granulada ou MIPIS | J18: 177.9 | O18: GN1400 | P18: =B18&O18&A18 -> COMBATE A FORMIGA PÓS PLANTIO MANUAL - 3 a 5kg/ha isca granulada ou MIPISGN1400IMP16
A19: IMP17 | B19: COMBATE A FORMIGA PÓS PLANTIO MECANIZADO- 3 a 5kg/ha isca granulada ou MIPIS | J19: 193.73 | O19: GN1400 | P19: =B19&O19&A19 -> COMBATE A FORMIGA PÓS PLANTIO MECANIZADO- 3 a 5kg/ha isca granulada ou MIPISGN1400IMP17
A20: IMP24 | B20: HERBICIDA NA ENTRE LINHA | J20: 465.3 | O20: GN1400 | P20: =B20&O20&A20 -> HERBICIDA NA ENTRE LINHAGN1400IMP24
A21: IMP29 | B21: REPLANTIO | J21: 399 | O21: GN1400 | P21: =B21&O21&A21 -> REPLANTIOGN1400IMP29
A22: IMP32 | B22: IRRIGAÇÃO DE REPLANTIO | J22: 492.5 | O22: GN1400 | P22: =B22&O22&A22 -> IRRIGAÇÃO DE REPLANTIOGN1400IMP32
A23: IMP34 | B23: AUXILIAR FLORESTAL- IMPLANTAÇÃO | J23: 93.08 | O23: GN1400 | P23: =B23&O23&A23 -> AUXILIAR FLORESTAL- IMPLANTAÇÃOGN1400IMP34
... A45: REF92 | B45: COMBATE MANUAL A FORMIGAS DIVISAS | J45: 119.55 | O45: GN1400 | P45: =B45&O45&A45 -> COMBATE MANUAL A FORMIGAS DIVISASGN1400REF92
A46: 1 | B46: APOIO E MANUTEÇÃO 1410 | J46: 0 | O46: GN1410 | P46: =B46&O46&A46 -> APOIO E MANUTEÇÃO 1410GN14101
A47: 298 | B47: SERV GERAIS LAVOURA AGRIC | J47: 589.29 | O47: GN1410 | P47: =B47&O47&A47 -> SERV GERAIS LAVOURA AGRICGN1410298
A48: 336-2 | B48: 2ª SERV IRRIGACAO NIVEL 1 AGRIC - TRANSPORTE ATÉ 5,0 | J48: 618.69 | O48: GN1410 | P48: =B48&O48&A48 -> 2ª SERV IRRIGACAO NIVEL 1 AGRIC - TRANSPORTE ATÉ 5,0GN1410336-2
A49: 336-3 | B49: 3ª SERV IRRIGACAO NIVEL 1 AGRIC - TRANSPORTE ATÉ 5,0 | J49: 618.69 | O49: GN1410 | P49: =B49&O49&A49 -> 3ª SERV IRRIGACAO NIVEL 1 AGRIC - TRANSPORTE ATÉ 5,0GN1410336-3
A50: 366 | B50: SERV IRRIGACAO NIVEL 1 AGRIC - TRANSPORTE ATÉ 5,0 | J50: 618.69 | O50: GN1410 | P50: =B50&O50&A50 -> SERV IRRIGACAO NIVEL 1 AGRIC - TRANSPORTE ATÉ 5,0GN1410366
A51: 472 | B51: SERV PLANTIO AGRIC | J51: 706.77 | O51: GN1410 | P51: =B51&O51&A51 -> SERV PLANTIO AGRICGN1410472
A52: 478 | B52: SERV PLANTIO IRRIGADO NIVEL 1 AGRIC - TRANSPORTE ATÉ 5 KM | J52: 1235.09 | O52: GN1410 | P52: =B52&O52&A52 -> SERV PLANTIO IRRIGADO NIVEL 1 AGRIC - TRANSPORTE ATÉ 5 KMGN1410478
A53: 567 | B53: SERV REPLANTIO AGRIC | J53: 314.53 | O53: GN1410 | P53: =B53&O53&A53 -> SERV REPLANTIO AGRICGN1410567
A54: 5913 | B54: SERV CAP QUIM LAMINA PRE EMERG AGRIC | J54: 414.6 | O54: GN1410 | P54: =B54&O54&A54 -> SERV CAP QUIM LAMINA PRE EMERG AGRICGN14105913
A55: 671 | B55: SERV IRRIGACAO REPLANTIO NIVEL 1 AGRIC - TRANSPORTE ATÉ 5,0 | J55: 414.13 | O55: GN1410 | P55: =B55&O55&A55 -> SERV IRRIGACAO REPLANTIO NIVEL 1 AGRIC - TRANSPORTE ATÉ 5,0GN1410671
A56: 86 | B56: ROCADA MANUAL LEVE | J56: 462.12 | O56: GN1410 | P56: =B56&O56&A56 -> ROCADA MANUAL LEVEGN141086
A57: 87 | B57: ROCADA MANUAL MEDIA | J57: 577.65 | O57: GN1410 | P57: =B57&O57&A57 -> ROCADA MANUAL MEDIAGN141087
A58: 88 | B58: ROCADA MANUAL PESADA | J58: 693.17 | O58: GN1410 | P58: =B58&O58&A58 -> ROCADA MANUAL PESADAGN141088
A59: IMP103 | B59: SERV COMB FORMIGA MANUAL 1 RUA AGRIC | J59: 142.5 | O59: GN1410 | P59: =B59&O59&A59 -> SERV COMB FORMIGA MANUAL 1 RUA AGRICGN1410IMP103
A60: IMP142-B | B60: SERV CAMINHAO PIPA AGRIC - PARADO | J60: 1867.37 | O60: GN1410 | P60: =B60&O60&A60 -> SERV CAMINHAO PIPA AGRIC - PARADOGN1410IMP142-B
A61: IMP153 | B61: SERV CAP QUIM AREA TOTAL | J61: 204.98 | O61: GN1410 | P61: =B61&O61&A61 -> SERV CAP QUIM AREA TOTALGN1410IMP153
A62: IMP157 | B62: SERV CAP QUIM MEC BARRA ABERTA AGRIC | J62: 270.28 | O62: GN1410 | P62: =B62&O62&A62 -> SERV CAP QUIM MEC BARRA ABERTA AGRICGN1410IMP157
A63: IMP179 | B63: SERV COMB FORMIGA MANUAL SISTEMATICO | J63: 143.12 | O63: GN1410 | P63: =B63&O63&A63 -> SERV COMB FORMIGA MANUAL SISTEMATICOGN1410IMP179
A64: IMP21 | B64: EQUIPE DE BRIGADINHA FLORESTAL | J64: 3133.15 | O64: GN1410 | P64: =B64&O64&A64 -> EQUIPE DE BRIGADINHA FLORESTALGN1410IMP21
A65: IMP252 | B65: SERV DIÁRIA DE MÁQUINA PARADA AGRIC | J65: 1403.72 | O65: GN1410 | P65: =B65&O65&A65 -> SERV DIÁRIA DE MÁQUINA PARADA AGRICGN1410IMP252
A66: IMP96 | B66: SERV CAP QUIM MEC BARRA AGRIC | J66: 343.68 | O66: GN1410 | P66: =B66&O66&A66 -> SERV CAP QUIM MEC BARRA AGRICGN1410IMP96
A67: IMP97 | B67: SERV CAP QUIM PRE EMERG 3 LINHAS | J67: 212.62 | O67: GN1410 | P67: =B67&O67&A67 -> SERV CAP QUIM PRE EMERG 3 LINHASGN1410IMP97
A68: IMP98 | B68: SERV CAP QUIM MEC AREA TOTAL AGRIC POS | J68: 204.96 | O68: GN1410 | P68: =B68&O68&A68 -> SERV CAP QUIM MEC AREA TOTAL AGRIC POSGN1410IMP98
A69: IMP99 | B69: SERV ADUBACAO SOLIDA MANUAL AGRIC | J69: 402.05 | O69: GN1410 | P69: =B69&O69&A69 -> SERV ADUBACAO SOLIDA MANUAL AGRICGN1410IMP99
A70: REF150 | B70: SERV CAP QUIM MANUAL MEDIA AGRIC | J70: 589.38 | O70: GN1410 | P70: =B70&O70&A70 -> SERV CAP QUIM MANUAL MEDIA AGRICGN1410REF150
... A75: REF227 | B75: SERV HORA TRATOR PNEU 75CV AGRIC | J75: 273.53 | O75: GN1410 | P75: =B75&O75&A75 -> SERV HORA TRATOR PNEU 75CV AGRICGN1410REF227
A76: 2 | B76: APOIO E MANUTEÇÃO | J76: 0 | O76: GN1270 | P76: =B76&O76&A76 -> APOIO E MANUTEÇÃOGN12702
A77: 26 | B77: MARCAÇÃO DE ESTRADAS - 6 METROS | J77: 1405.1 | O77: GN1270 | P77: =B77&O77&A77 -> MARCAÇÃO DE ESTRADAS - 6 METROSGN127026
A78: 27 | B78: CONSTRUÇÃO DE SAÍDAS D’AGUA | J78: 144.24 | O78: GN1270 | P78: =B78&O78&A78 -> CONSTRUÇÃO DE SAÍDAS D’AGUAGN127027
A79: 28 | B79: CONSTRUÇÃO MINI CURVAS - PATROL / ESTEIRA | J79: 399.24 | O79: GN1270 | P79: =B79&O79&A79 -> CONSTRUÇÃO MINI CURVAS - PATROL / ESTEIRAGN127028
A80: 29 | B80: MANUTENÇÃO CONSTRUÇÃO DE ESTRADAS - PATROL - 6 METROS | J80: 1756.77 | O80: GN1270 | P80: =B80&O80&A80 -> MANUTENÇÃO CONSTRUÇÃO DE ESTRADAS - PATROL - 6 METROSGN127029
A81: 38 | B81: TRANSPORTES DE NUTRIENTE | J81: 13.06 | O81: GN1270 | P81: =B81&O81&A81 -> TRANSPORTES DE NUTRIENTEGN127038
A82: 64 | B82: CAPINA QUÍMICA MECÂNICA NA ENTRELINHA CONCEIÇÃO 6 MESES | J82: 468.15 | O82: GN1270 | P82: =B82&O82&A82 -> CAPINA QUÍMICA MECÂNICA NA ENTRELINHA CONCEIÇÃO 6 MESESGN127064
A83: 67 | B83: ADUBAÇÃO MECANIZADA DE 12 MESES | J83: 429.81 | O83: GN1270 | P83: =B83&O83&A83 -> ADUBAÇÃO MECANIZADA DE 12 MESESGN127067
A84: 70 | B84: COMBATE A FORMIGA MANUAL MANUTENÇÃO - ANO 01 | J84: 152.18 | O84: GN1270 | P84: =B84&O84&A84 -> COMBATE A FORMIGA MANUAL MANUTENÇÃO - ANO 01GN127070
A85: 71 | B85: COMBATE A FORMIGA MANUAL MANUTENÇÃO - ANO 02 | J85: 152.18 | O85: GN1270 | P85: =B85&O85&A85 -> COMBATE A FORMIGA MANUAL MANUTENÇÃO - ANO 02GN127071
A86: 94 | B86: HORA MAQUINA MOTONIVELADORA | J86: 719.84 | O86: GN1270 | P86: =B86&O86&A86 -> HORA MAQUINA MOTONIVELADORAGN127094
A87: 95 | B87: HORA MAQUINA PÁ CARREGADEIRA | J87: 477.43 | O87: GN1270 | P87: =B87&O87&A87 -> HORA MAQUINA PÁ CARREGADEIRAGN127095
A88: 2 | B88: APOIO E MANUTEÇÃO | J88: 0 | O88: GN1421 | P88: =B88&O88&A88 -> APOIO E MANUTEÇÃOGN14212
A89: REF014 | B89: LIMPEZA DA LINHA DE PLANTIO (ESTROVENGA) | J89: 455 | O89: GN1421 | P89: =B89&O89&A89 -> LIMPEZA DA LINHA DE PLANTIO (ESTROVENGA)GN1421REF014
A90: REF015 | B90: COMBATE A FORMIGA ANUAL | J90: 138.51 | O90: GN1421 | P90: =B90&O90&A90 -> COMBATE A FORMIGA ANUALGN1421REF015
A91: REF105 | B91: H/MÁQ. PÁ CARREGADEIRA | J91: 450 | O91: GN1421 | P91: =B91&O91&A91 -> H/MÁQ. PÁ CARREGADEIRAGN1421REF105
A92: REF155 | B92: SERV COMB FORMIGA REPASSE | J92: 145 | O92: GN1421 | P92: =B92&O92&A92 -> SERV COMB FORMIGA REPASSEGN1421REF155
A93: REF190 | B93: HORA TRATOR PESADO 180 CV | J93: 599.52 | O93: GN1421 | P93: =B93&O93&A93 -> HORA TRATOR PESADO 180 CVGN1421REF190
A94: REF23 | B94: HORAS HOMEM NORMAL | J94: 75 | O94: GN1421 | P94: =B94&O94&A94 -> HORAS HOMEM NORMALGN1421REF23
A95: REF282 | B95: MANUTEÇÃO DE VIVEIRO | J95: 600 | O95: GN1421 | P95: =B95&O95&A95 -> MANUTEÇÃO DE VIVEIROGN1421REF282
A96: REF29 | B96: TRITURAÇÃO COM PÁ CARREGADEIRA | J96: 580 | O96: GN1421 | P96: =B96&O96&A96 -> TRITURAÇÃO COM PÁ CARREGADEIRAGN1421REF29
A97: REF29 | B97: REPLANTIO | J97: 386.25 | O97: GN1421 | P97: =B97&O97&A97 -> REPLANTIOGN1421REF29
A98: REF320 | B98: 1ª IRRIGAÇÃO DE PLANTIO | J98: 623.57 | O98: GN1421 | P98: =B98&O98&A98 -> 1ª IRRIGAÇÃO DE PLANTIOGN1421REF320
A99: REF321 | B99: 1ª IRRIGAÇÃO DE REPLANTIO | J99: 415.3 | O99: GN1421 | P99: =B99&O99&A99 -> 1ª IRRIGAÇÃO DE REPLANTIOGN1421REF321
A100: REF322 | B100: 2ª IRRIGAÇÃO DE PLANTIO | J100: 623.57 | O100: GN1421 | P100: =B100&O100&A100 -> 2ª IRRIGAÇÃO DE PLANTIOGN1421REF322
... A107: REF91 | B107: DESBROTA SEMI MECANIZADA (HA) | J107: 894 | O107: GN1421 | P107: =B107&O107&A107 -> DESBROTA SEMI MECANIZADA (HA)GN1421REF91
A108: 46059 | B108: 3° IRRIGAÇÃO DE REPLANTIO | J108: 437.16 | O108: GN1420 | P108: =B108&O108&A108 -> 3° IRRIGAÇÃO DE REPLANTIOGN142046059
A109: 46087 | B109: 4ª IRRIGAÇÃO DE REPLANTIO | J109: 437.16 | O109: GN1420 | P109: =B109&O109&A109 -> 4ª IRRIGAÇÃO DE REPLANTIOGN142046087
A110: 2 | B110: APOIO E MANUTEÇÃO | J110: 0 | O110: GN1420 | P110: =B110&O110&A110 -> APOIO E MANUTEÇÃOGN14202
A111: IMP321 | B111: 1ª IRRIGAÇÃO DE REPLANTIO | J111: 437.16 | O111: GN1420 | P111: =B111&O111&A111 -> 1ª IRRIGAÇÃO DE REPLANTIOGN1420IMP321
A112: IMP323 | B112: 2ª IRRIGAÇÃO DE REPLANTIO | J112: 437.16 | O112: GN1420 | P112: =B112&O112&A112 -> 2ª IRRIGAÇÃO DE REPLANTIOGN1420IMP323
A113: IMP328 | B113: APLICAÇÃO DE CALGESSO - ATÉ 1.500 KG | J113: 207.5 | O113: GN1420 | P113: =B113&O113&A113 -> APLICAÇÃO DE CALGESSO - ATÉ 1.500 KGGN1420IMP328
A114: IMP335 | B114: CAMINHÃO MUNCK (Diária) | J114: 3468.92 | O114: GN1420 | P114: =B114&O114&A114 -> CAMINHÃO MUNCK (Diária)GN1420IMP335
A115: IMP336 | B115: CAMINHÃO PRANCHA (KM) | J115: 13.87 | O115: GN1420 | P115: =B115&O115&A115 -> CAMINHÃO PRANCHA (KM)GN1420IMP336
A116: IMP337 | B116: CAMINHÃO PIPA (Diária) | J116: 3005.44 | O116: GN1420 | P116: =B116&O116&A116 -> CAMINHÃO PIPA (Diária)GN1420IMP337
A117: IMP343 | B117: CAPINA QUÍMICA MECÂNICA ENTRELINHA | J117: 428.63 | O117: GN1420 | P117: =B117&O117&A117 -> CAPINA QUÍMICA MECÂNICA ENTRELINHAGN1420IMP343
A118: IMP347 | B118: COMBATE A FORMIGAS REPASSE | J118: 142.74 | O118: GN1420 | P118: =B118&O118&A118 -> COMBATE A FORMIGAS REPASSEGN1420IMP347
A119: IMP356 | B119: HERBICIDA PRÉ EMERGENTE II | J119: 229.73 | O119: GN1420 | P119: =B119&O119&A119 -> HERBICIDA PRÉ EMERGENTE IIGN1420IMP356
A120: IMP357 | B120: HERBICIDA PRÉ EMERGENTE III | J120: 229.73 | O120: GN1420 | P120: =B120&O120&A120 -> HERBICIDA PRÉ EMERGENTE IIIGN1420IMP357
A121: IMP366 | B121: READUBAÇÃO MECANIZADA DE 18 MESES | J121: 376.71 | O121: GN1420 | P121: =B121&O121&A121 -> READUBAÇÃO MECANIZADA DE 18 MESESGN1420IMP366
A122: IMP367 | B122: REPLANTIO | J122: 406.58 | O122: GN1420 | P122: =B122&O122&A122 -> REPLANTIOGN1420IMP367
... A124: REF336 | B124: CAMINHÃO PRANCHA (KM) | J124: 15.53 | O124: GN1420 | P124: =B124&O124&A124 -> CAMINHÃO PRANCHA (KM)GN1420REF336
A125: 2 | B125: APOIO E MANUTENÇÃO 1430 | J125: 0 | O125: GN1430 | P125: =B125&O125&A125 -> APOIO E MANUTENÇÃO 1430GN14302
A126: REF105 | B126: 1 ADUBAÇÃO COBERTURA MECANIZADA | J126: 326.09 | O126: GN1430 | P126: =B126&O126&A126 -> 1 ADUBAÇÃO COBERTURA MECANIZADAGN1430REF105
A127: REF107 | B127: CALAGEM MECANIZADA | J127: 280.86 | O127: GN1430 | P127: =B127&O127&A127 -> CALAGEM MECANIZADAGN1430REF107
A128: REF121 | B128: 2 ADUBAÇÃO COBERTURA MECANIZADA II | J128: 464.12 | O128: GN1430 | P128: =B128&O128&A128 -> 2 ADUBAÇÃO COBERTURA MECANIZADA IIGN1430REF121
A129: REF319 | B129: CAPINA QUIMICA ENTRELINHA 2 RUAS (6M) | J129: 265.84 | O129: GN1430 | P129: =B129&O129&A129 -> CAPINA QUIMICA ENTRELINHA 2 RUAS (6M)GN1430REF319
A130: REF904 | B130: H.H. - CAPINA MANUAL ACEIRO | J130: 79.53 | O130: GN1430 | P130: =B130&O130&A130 -> H.H. - CAPINA MANUAL ACEIROGN1430REF904
A131: IMP15-B | B131: 3ª IRRIGAÇÃO DE PLANTIO 4 a 5 litros/planta+polímero, tomadas d'água a 5 a 10km da operação, incluir captação de água. | J131: 930 | O131: GN1400 | P131: =B131&O131&A131 -> 3ª IRRIGAÇÃO DE PLANTIO 4 a 5 litros/planta+polímero, tomadas d'água a 5 a 10km da operação, incluir captação de água.GN1400IMP15-B
A132: IMP41 | B132: CAMINHÃO MUNCK (Km) | J132: 14.1 | O132: GN1400 | P132: =B132&O132&A132 -> CAMINHÃO MUNCK (Km)GN1400IMP41
A133: IMP42 | B133: CAMINHÃO MUNCK (Hora) | J133: 419.4 | O133: GN1400 | P133: =B133&O133&A133 -> CAMINHÃO MUNCK (Hora)GN1400IMP42
A134: 197 | B134: SERV CONSTR BACIA IMPLANTACAO AGRIC | J134: 265.5 | O134: GN1410 | P134: =B134&O134&A134 -> SERV CONSTR BACIA IMPLANTACAO AGRICGN1410197
...

Sheet CALCULO REND POR RECURSO
D3: =17806.45 -> 17806.45
C5: REBAIXAMENTO MECANIZADO DE BROTAÇÃO E TOCOS DE EUCALIPTO
C6: PREVISTO | D6: rend previsto | E6: horas totais ( hora trabalhada + horas improdutvas) | F6: Pord Previsto ((hora trab+horas improdutivas)/ rend previsto) | G6: fatu previsto (prod prevista x preço do recurso) | H6: Preço do Recurso
D7: 1.24 | E7: ='REND-Boletim de Produção'!#REF!+'REND-Boletim de Produção'!#REF! -> #REF! | F7: =E7/D7 -> #REF! | G7: =F7*H7 -> #REF! | H7: 1000
C8: REALIZADO | D8: Rend efetivo | E8: horas trab | F8: Prod | G8: FATURADO
D9: 1.63 | E9: 13 | F9: 8 | G9: =H9*F9 -> 8000 | H9: 1000
F10: RESULTADO NEGOCIADO(FATURADO-FAT PREVSITO) | G10: =G9-G7 -> #REF!
C13: REPLANTIO
C14: PREVISTO REC PRINCIPAL | D14: rend previsto | E14: horas totais ( hora trabalhada + horas improdutvas) | F14: Pord Previsto ((hora trab+horas improdutivas)/ rend previsto) | G14: fatu previsto (prod prevista x preço do recurso) | H14: Preço do Recurso
D15: 3.18 | E15: 33 | F15: =E15/D15 -> 10.377358 | G15: =F15*H15 -> 3344.4151 | H15: 322.28
C16: REALIZADO PRINCIPAL | E16: horas trab | F16: Prod | G16: FATURADO
D17: 2.74 | E17: 33 | F17: 12.06 | G17: =H17*F17 -> 3886.6968 | H17: 322.28
F18: RESULTADO NEGOCIADO(FATURADO-FAT PREVSITO) | G18: =G17-G15 -> 542.28171
C20: REPLANTIO
C21: PREVISTO REC APOIO | D21: rend previsto | E21: horas totais ( hora trabalhada + horas improdutvas) | F21: Pord Previsto ((hora trab+horas improdutivas)/ rend previsto) | G21: fatu previsto (prod prevista x preço do recurso) | H21: Preço do Recurso
D22: 0.4 | E22: 16 | F22: =E22/D22 -> 40 | G22: =F22*H22 -> 4984 | H22: 124.6
C23: REALIZADO APOIO | D23: Rend efetivo | E23: horas trab | F23: Prod | G23: FATURADO
D24: 1.33 | E24: 16 | F24: 12.06 | G24: =H24*F24 -> 1502.676 | H24: 124.6
F25: RESULTADO NEGOCIADO(FATURADO-FAT PREVSITO) | G25: =G24-G22 -> -3481.324
G27: =G25+G18 -> -2939.0423
